"CBSA","Metro","AdultPop","LI_CP","LI_LE","LI_HI","LI_NW","DBLY","TRPLY","LI_CP_SH","LI_LE_SH","LI_HI_SH","LI_NW_SH","DBLY_SH","TRPLY_SH","Race"
88888,"100 Metro Total",104762430,6523995,6615460,6928459,6167794,15572375,8080335,0.06227,0.06315,0.06613,0.05887,0.14864,0.07713,"All"
10420,"Akron, OH",335863,32100,15223,15363,25089,51965,27387,0.09557,0.04533,0.04574,0.0747,0.15472,0.08154,"All"
10580,"Albany-Schenectady-Troy, NY",405965,12468,16835,9860,24961,40173,19643,0.03071,0.04147,0.02429,0.06149,0.09896,0.04839,"All"
10740,"Albuquerque, NM",425867,73283,36448,36469,38418,99236,60232,0.17208,0.08559,0.08563,0.09021,0.23302,0.14143,"All"
10900,"Allentown-Bethlehem-Easton, PA-NJ",397908,18966,16227,19600,20188,46231,21802,0.04766,0.04078,0.04926,0.05074,0.11619,0.05479,"All"
12060,"Atlanta-Sandy Springs-Roswell, GA",2839743,105973,181738,275329,168115,445880,228688,0.03732,0.064,0.09696,0.0592,0.15701,0.08053,"All"
12260,"Augusta-Richmond County, GA-SC",245565,27824,16758,20060,25545,50364,28285,0.11331,0.06824,0.08169,0.10403,0.20509,0.11518,"All"
12420,"Austin-Round Rock, TX",1040018,63304,60435,78572,43104,145402,74945,0.06087,0.05811,0.07555,0.04145,0.13981,0.07206,"All"
12540,"Bakersfield, CA",383502,77378,56144,34357,36250,106224,70838,0.20177,0.1464,0.08959,0.09452,0.27698,0.18471,"All"
12580,"Baltimore-Columbia-Towson, MD",1372907,79428,55815,37281,75074,147802,76701,0.05785,0.04065,0.02715,0.05468,0.10766,0.05587,"All"
12940,"Baton Rouge, LA",391004,0,23847,33489,24134,55875,23056,0,0.06099,0.08565,0.06172,0.1429,0.05897,"All"
13820,"Birmingham-Hoover, AL",550327,74214,39953,50667,55275,114286,71780,0.13485,0.0726,0.09207,0.10044,0.20767,0.13043,"All"
14260,"Boise City, ID",323045,0,21851,29122,22447,50497,18638,0,0.06764,0.09015,0.06949,0.15632,0.05769,"All"
14460,"Boston-Cambridge-Newton, MA-NH",2425507,54908,90960,36840,123847,219868,72130,0.02264,0.0375,0.01519,0.05106,0.09065,0.02974,"All"
14860,"Bridgeport-Stamford-Norwalk, CT",468813,21377,16212,20006,18764,45707,23612,0.0456,0.03458,0.04267,0.04002,0.0975,0.05037,"All"
15380,"Buffalo-Cheektowaga-Niagara Falls, NY",546060,44029,30667,15560,43231,80330,42859,0.08063,0.05616,0.0285,0.07917,0.14711,0.07849,"All"
15980,"Cape Coral-Fort Myers, FL",287101,0,23047,32553,21528,52548,22368,0,0.08027,0.11339,0.07498,0.18303,0.07791,"All"
16700,"Charleston-North Charleston, SC",360346,0,19753,27330,19519,47987,17534,0,0.05482,0.07584,0.05417,0.13317,0.04866,"All"
16740,"Charlotte-Concord-Gastonia, NC-SC",1222863,45608,84134,109238,78156,190865,97835,0.0373,0.0688,0.08933,0.06391,0.15608,0.08,"All"
16860,"Chattanooga, TN-GA",253835,19082,21997,20842,18997,47047,25364,0.07517,0.08666,0.08211,0.07484,0.18534,0.09992,"All"
16980,"Chicago-Naperville-Elgin, IL-IN-WI",4799176,306487,260447,301524,271172,666245,354687,0.06386,0.05427,0.06283,0.0565,0.13882,0.07391,"All"
17140,"Cincinnati, OH-KY-IN",1021914,52624,49065,41215,64620,125250,62719,0.0515,0.04801,0.04033,0.06323,0.12256,0.06137,"All"
17460,"Cleveland-Elyria, OH",996241,104161,58837,46800,83334,164645,94269,0.10455,0.05906,0.04698,0.08365,0.16527,0.09462,"All"
17820,"Colorado Springs, CO",317365,14260,13769,13400,17372,36919,17270,0.04493,0.04339,0.04222,0.05474,0.11633,0.05442,"All"
17900,"Columbia, SC",375782,0,25982,34088,28381,57513,27648,0,0.06914,0.09071,0.07553,0.15305,0.07357,"All"
18140,"Columbus, OH",954597,73324,49145,47632,58891,131092,73846,0.07681,0.05148,0.0499,0.06169,0.13733,0.07736,"All"
19100,"Dallas-Fort Worth-Arlington, TX",3457463,206592,273570,339914,154312,557360,314759,0.05975,0.07912,0.09831,0.04463,0.1612,0.09104,"All"
19380,"Dayton, OH",376061,32947,23204,23802,34998,68235,35546,0.08761,0.0617,0.06329,0.09306,0.18145,0.09452,"All"
19660,"Deltona-Daytona Beach-Ormond Beach, FL",270565,16488,17298,28872,25375,55286,25350,0.06094,0.06393,0.10671,0.09379,0.20434,0.09369,"All"
19740,"Denver-Aurora-Lakewood, CO",1486398,15853,72537,66261,59821,147054,58276,0.01067,0.0488,0.04458,0.04025,0.09893,0.03921,"All"
19780,"Des Moines-West Des Moines, IA",329432,0,13095,10402,11390,27013,6894,0,0.03975,0.03158,0.03457,0.082,0.02093,"All"
19820,"Detroit-Warren-Dearborn, MI",2084036,161833,126999,113772,176339,335771,179162,0.07765,0.06094,0.05459,0.08461,0.16112,0.08597,"All"
21340,"El Paso, TX",364463,85456,50307,57790,30839,108257,77578,0.23447,0.13803,0.15856,0.08461,0.29703,0.21286,"All"
23420,"Fresno, CA",434759,127952,72425,50621,42322,142965,99509,0.29431,0.16659,0.11643,0.09735,0.32884,0.22888,"All"
24340,"Grand Rapids-Wyoming, MI",436607,30146,23313,21582,24934,59843,32949,0.06905,0.0534,0.04943,0.05711,0.13706,0.07547,"All"
24660,"Greensboro-High Point, NC",384381,16686,26498,37137,27570,70465,32213,0.04341,0.06894,0.09662,0.07173,0.18332,0.0838,"All"
24860,"Greenville-Anderson-Mauldin, SC",442925,0,43809,44366,40408,83307,38563,0,0.09891,0.10017,0.09123,0.18808,0.08706,"All"
25420,"Harrisburg-Carlisle, PA",274367,0,15689,13233,15811,32473,10459,0,0.05718,0.04823,0.05763,0.11836,0.03812,"All"
25540,"Hartford-West Hartford-East Hartford, CT",586986,22453,23099,12715,30274,55966,24879,0.03825,0.03935,0.02166,0.05158,0.09534,0.04238,"All"
26420,"Houston-The Woodlands-Sugar Land, TX",3229126,218392,274531,357257,146057,552442,334580,0.06763,0.08502,0.11064,0.04523,0.17108,0.10361,"All"
26900,"Indianapolis-Carmel-Anderson, IN",975216,52587,63264,73730,63378,144829,82156,0.05392,0.06487,0.0756,0.06499,0.14851,0.08424,"All"
27140,"Jackson, MS",297648,19425,18447,22476,24465,51470,26535,0.06526,0.06198,0.07551,0.08219,0.17292,0.08915,"All"
27260,"Jacksonville, FL",685551,45437,41159,47007,54661,113253,56359,0.06628,0.06004,0.06857,0.07973,0.1652,0.08221,"All"
28140,"Kansas City, MO-KS",1048660,52535,49647,68059,62419,134546,72552,0.0501,0.04734,0.0649,0.05952,0.1283,0.06919,"All"
28940,"Knoxville, TN",439740,47228,39757,35714,43343,91516,54044,0.1074,0.09041,0.08122,0.09857,0.20811,0.1229,"All"
29460,"Lakeland-Winter Haven, FL",281848,0,23101,28587,27651,54119,21738,0,0.08196,0.10143,0.09811,0.19201,0.07713,"All"
29820,"Las Vegas-Henderson-Paradise, NV",1031834,96109,72177,90396,62745,182970,101558,0.09314,0.06995,0.08761,0.06081,0.17733,0.09842,"All"
30780,"Little Rock-North Little Rock-Conway, AR",335645,0,18595,19136,23516,45290,14073,0,0.0554,0.05701,0.07006,0.13493,0.04193,"All"
31080,"Los Angeles-Long Beach-Anaheim, CA",6727814,602939,666880,597612,348172,1265887,712038,0.08962,0.09912,0.08883,0.05175,0.18816,0.10583,"All"
31140,"Louisville/Jefferson County, KY-IN",612045,24541,37163,31760,46568,89009,39035,0.0401,0.06072,0.05189,0.07609,0.14543,0.06378,"All"
31540,"Madison, WI",254280,11063,6316,9146,8319,24063,9635,0.04351,0.02484,0.03597,0.03272,0.09463,0.03789,"All"
32580,"McAllen-Edinburg-Mission, TX",349556,144003,82261,103398,31445,144003,126867,0.41196,0.23533,0.2958,0.08996,0.41196,0.36294,"All"
32820,"Memphis, TN-MS-AR",599531,108672,44932,60682,58800,141260,90845,0.18126,0.07495,0.10122,0.09808,0.23562,0.15153,"All"
33100,"Miami-Fort Lauderdale-West Palm Beach, FL",2914803,351047,197285,329530,184647,591539,347816,0.12044,0.06768,0.11305,0.06335,0.20294,0.11933,"All"
33340,"Milwaukee-Waukesha-West Allis, WI",774123,64713,38315,36401,54762,111441,58975,0.0836,0.04949,0.04702,0.07074,0.14396,0.07618,"All"
33460,"Minneapolis-St. Paul-Bloomington, MN-WI",1811401,43922,61150,51912,64838,150139,59014,0.02425,0.03376,0.02866,0.03579,0.08289,0.03258,"All"
34980,"Nashville-Davidson--Murfreesboro--Franklin, TN",978431,40376,62984,66440,56395,144040,65668,0.04127,0.06437,0.0679,0.05764,0.14722,0.06712,"All"
35300,"New Haven-Milford, CT",420934,33975,18161,12999,26165,53146,28586,0.08071,0.04314,0.03088,0.06216,0.12626,0.06791,"All"
35380,"New Orleans-Metairie, LA",629922,68439,39620,53182,52756,118868,70190,0.10865,0.0629,0.08443,0.08375,0.1887,0.11143,"All"
35620,"New York-Newark-Jersey City, NY-NJ-PA",10165176,770582,630670,542474,552506,1478389,781569,0.07581,0.06204,0.05337,0.05435,0.14544,0.07689,"All"
35840,"North Port-Sarasota-Bradenton, FL",308406,0,15293,25109,19418,41695,15948,0,0.04959,0.08142,0.06296,0.1352,0.05171,"All"
36260,"Ogden-Clearfield, UT",258772,0,7593,11453,8908,20812,6559,0,0.02934,0.04426,0.03442,0.08043,0.02535,"All"
36420,"Oklahoma City, OK",668463,39638,46987,57927,36872,99509,57816,0.0593,0.07029,0.08666,0.05516,0.14886,0.08649,"All"
36540,"Omaha-Council Bluffs, NE-IA",484541,38767,28908,27331,26600,62042,38765,0.08001,0.05966,0.05641,0.0549,0.12804,0.08,"All"
36740,"Orlando-Kissimmee-Sanford, FL",1139342,58848,65721,111492,69350,193448,90477,0.05165,0.05768,0.09786,0.06087,0.16979,0.07941,"All"
37100,"Oxnard-Thousand Oaks-Ventura, CA",411804,0,33316,27994,14169,52449,20598,0,0.0809,0.06798,0.03441,0.12736,0.05002,"All"
37340,"Palm Bay-Melbourne-Titusville, FL",256820,0,11393,20711,19051,37762,12202,0,0.04436,0.08064,0.07418,0.14704,0.04751,"All"
37980,"Philadelphia-Camden-Wilmington, PA-NJ-DE-MD",3007715,200651,146138,140562,204842,401002,212744,0.06671,0.04859,0.04673,0.06811,0.13332,0.07073,"All"
38060,"Phoenix-Mesa-Scottsdale, AZ",2112419,201634,166875,167143,138632,377255,215236,0.09545,0.079,0.07912,0.06563,0.17859,0.10189,"All"
38300,"Pittsburgh, PA",1130505,40845,38331,46678,76536,133203,57329,0.03613,0.03391,0.04129,0.0677,0.11783,0.05071,"All"
38900,"Portland-Vancouver-Hillsboro, OR-WA",1210892,21577,59711,60990,55685,141973,48140,0.01782,0.04931,0.05037,0.04599,0.11725,0.03976,"All"
39300,"Providence-Warwick, RI-MA",790902,56017,50840,20404,54976,107434,55780,0.07083,0.06428,0.0258,0.06951,0.13584,0.07053,"All"
39340,"Provo-Orem, UT",219741,9402,5074,11778,7082,23446,8811,0.04279,0.02309,0.0536,0.03223,0.1067,0.0401,"All"
39580,"Raleigh, NC",666893,37389,34480,47539,28886,90531,46425,0.05606,0.0517,0.07128,0.04331,0.13575,0.06961,"All"
40060,"Richmond, VA",606340,0,32610,36617,31215,69082,28306,0,0.05378,0.06039,0.05148,0.11393,0.04668,"All"
40140,"Riverside-San Bernardino-Ontario, CA",2056849,183429,208115,179975,135066,410032,223678,0.08918,0.10118,0.0875,0.06567,0.19935,0.10875,"All"
40380,"Rochester, NY",524710,38745,30272,10181,36247,70102,34116,0.07384,0.05769,0.0194,0.06908,0.1336,0.06502,"All"
40900,"Sacramento--Roseville--Arden-Arcade, CA",1073680,90479,66180,59252,73770,179204,84642,0.08427,0.06164,0.05519,0.06871,0.16691,0.07883,"All"
41180,"St. Louis, MO-IL",1384298,74307,69563,80276,96848,188181,95754,0.05368,0.05025,0.05799,0.06996,0.13594,0.06917,"All"
41620,"Salt Lake City, UT",585002,0,31581,36216,19616,61533,23769,0,0.05398,0.06191,0.03353,0.10518,0.04063,"All"
41700,"San Antonio-New Braunfels, TX",1078184,119454,95672,94051,66506,198698,126429,0.11079,0.08873,0.08723,0.06168,0.18429,0.11726,"All"
41740,"San Diego-Carlsbad, CA",1603306,48890,97216,105489,91397,228895,89279,0.03049,0.06063,0.06579,0.05701,0.14276,0.05568,"All"
41860,"San Francisco-Oakland-Hayward, CA",2434545,61085,110348,83045,101447,243162,94744,0.02509,0.04533,0.03411,0.04167,0.09988,0.03892,"All"
41940,"San Jose-Sunnyvale-Santa Clara, CA",996170,0,36336,26895,24532,70020,17068,0,0.03648,0.027,0.02463,0.07029,0.01713,"All"
42540,"Scranton--Wilkes-Barre--Hazleton, PA",232080,0,12465,14000,22027,36834,11071,0,0.05371,0.06032,0.09491,0.15871,0.0477,"All"
42660,"Seattle-Tacoma-Bellevue, WA",1920960,28049,70359,70613,85970,178057,65739,0.0146,0.03663,0.03676,0.04475,0.09269,0.03422,"All"
44060,"Spokane-Spokane Valley, WA",275303,18470,15961,14061,26677,49731,19830,0.06709,0.05798,0.05107,0.0969,0.18064,0.07203,"All"
44140,"Springfield, MA",275707,25994,25245,3041,30373,48487,27082,0.09428,0.09156,0.01103,0.11016,0.17586,0.09823,"All"
44700,"Stockton-Lodi, CA",331265,33199,41644,27500,29696,73941,43069,0.10022,0.12571,0.08302,0.08964,0.22321,0.13001,"All"
45060,"Syracuse, NY",315440,25795,18926,8137,25246,47211,24964,0.08177,0.06,0.0258,0.08003,0.14967,0.07914,"All"
45300,"Tampa-St. Petersburg-Clearwater, FL",1404634,26329,90710,124463,108750,236338,96472,0.01874,0.06458,0.08861,0.07742,0.16826,0.06868,"All"
45780,"Toledo, OH",305232,31771,19999,11874,29756,53235,28338,0.10409,0.06552,0.0389,0.09749,0.17441,0.09284,"All"
46060,"Tucson, AZ",434782,37844,33493,31615,28315,78669,39040,0.08704,0.07703,0.07271,0.06512,0.18094,0.08979,"All"
46140,"Tulsa, OK",394275,19367,23067,35024,23366,60051,30189,0.04912,0.0585,0.08883,0.05926,0.15231,0.07657,"All"
46520,"Urban Honolulu, HI",447714,0,8999,7126,13605,25177,4257,0,0.0201,0.01592,0.03039,0.05623,0.00951,"All"
47260,"Virginia Beach-Norfolk-Newport News, VA-NC",770355,37772,35650,50472,50283,102270,54558,0.04903,0.04628,0.06552,0.06527,0.13276,0.07082,"All"
47900,"Washington-Arlington-Alexandria, DC-VA-MD-WV",3106783,24890,94504,119215,92839,234035,89130,0.00801,0.03042,0.03837,0.02988,0.07533,0.02869,"All"
48620,"Wichita, KS",289588,20102,18185,27213,16716,48694,25010,0.06942,0.0628,0.09397,0.05772,0.16815,0.08636,"All"
49180,"Winston-Salem, NC",304421,17267,28046,30397,24632,56929,33006,0.05672,0.09213,0.09985,0.08091,0.18701,0.10842,"All"
49340,"Worcester, MA-CT",458139,27642,20193,4654,24781,50357,21245,0.06034,0.04408,0.01016,0.05409,0.10992,0.04637,"All"
49660,"Youngstown-Warren-Boardman, OH-PA",252412,15158,15914,14384,22698,44724,18614,0.06005,0.06305,0.05699,0.08992,0.17719,0.07374,"All"
88888,"100 Metro Total",59282224,1304547,1632925,2032165,2683044,5134379,2033680,0.02201,0.02754,0.03428,0.04526,0.08661,0.03431,"White"
10420,"Akron, OH",278991,16233,9333,10585,15350,32567,15011,0.05818,0.03345,0.03794,0.05502,0.11673,0.0538,"White"
10580,"Albany-Schenectady-Troy, NY",334431,3900,8948,7175,15367,22797,9889,0.01166,0.02676,0.02145,0.04595,0.06817,0.02957,"White"
10740,"Albuquerque, NM",179325,17969,6032,8237,13149,28146,13716,0.1002,0.03364,0.04593,0.07332,0.15696,0.07649,"White"
10900,"Allentown-Bethlehem-Easton, PA-NJ",307774,4537,6419,11268,10104,23003,7859,0.01474,0.02086,0.03661,0.03283,0.07474,0.02553,"White"
12060,"Atlanta-Sandy Springs-Roswell, GA",1406029,25613,56182,71278,65363,136187,64456,0.01822,0.03996,0.05069,0.04649,0.09686,0.04584,"White"
12260,"Augusta-Richmond County, GA-SC",139800,7101,5959,10057,9943,19636,9899,0.05079,0.04263,0.07194,0.07112,0.14046,0.07081,"White"
12420,"Austin-Round Rock, TX",582119,14780,8557,21575,18950,46321,15763,0.02539,0.0147,0.03706,0.03255,0.07957,0.02708,"White"
12540,"Bakersfield, CA",150516,12868,8114,6213,14218,26144,11994,0.08549,0.05391,0.04128,0.09446,0.1737,0.07969,"White"
12580,"Baltimore-Columbia-Towson, MD",800431,15743,19712,13973,25023,49585,20327,0.01967,0.02463,0.01746,0.03126,0.06195,0.0254,"White"
12940,"Baton Rouge, LA",229326,NA,9980,13900,9132,22944,9076,NA,0.04352,0.06061,0.03982,0.10005,0.03958,"White"
13820,"Birmingham-Hoover, AL",357074,32326,18005,20926,27123,51384,30056,0.09053,0.05042,0.0586,0.07596,0.1439,0.08417,"White"
14260,"Boise City, ID",268791,0,11433,16177,19199,34495,10044,0,0.04253,0.06018,0.07143,0.12833,0.03737,"White"
14460,"Boston-Cambridge-Newton, MA-NH",1775763,13362,29679,19912,65192,99215,25317,0.00752,0.01671,0.01121,0.03671,0.05587,0.01426,"White"
14860,"Bridgeport-Stamford-Norwalk, CT",292733,3165,3041,5083,8330,13674,4848,0.01081,0.01039,0.01736,0.02846,0.04671,0.01656,"White"
15380,"Buffalo-Cheektowaga-Niagara Falls, NY",440590,14635,16479,10787,21594,41414,18643,0.03322,0.0374,0.02448,0.04901,0.094,0.04231,"White"
15980,"Cape Coral-Fort Myers, FL",190819,0,8779,14138,14510,25913,9932,0,0.04601,0.07409,0.07604,0.1358,0.05205,"White"
16700,"Charleston-North Charleston, SC",239782,0,6570,10503,8461,19620,5703,0,0.0274,0.0438,0.03529,0.08182,0.02378,"White"
16740,"Charlotte-Concord-Gastonia, NC-SC",774225,14018,31594,44669,39687,81006,38032,0.01811,0.04081,0.0577,0.05126,0.10463,0.04912,"White"
16860,"Chattanooga, TN-GA",201629,6457,14927,13796,13933,31157,14251,0.03202,0.07403,0.06842,0.0691,0.15453,0.07068,"White"
16980,"Chicago-Naperville-Elgin, IL-IN-WI",2655570,25810,41923,70426,92414,164378,55676,0.00972,0.01579,0.02652,0.0348,0.0619,0.02097,"White"
17140,"Cincinnati, OH-KY-IN",831516,21020,31852,24776,41649,76513,34382,0.02528,0.03831,0.0298,0.05009,0.09202,0.04135,"White"
17460,"Cleveland-Elyria, OH",722707,30520,21605,22223,34381,68101,31184,0.04223,0.02989,0.03075,0.04757,0.09423,0.04315,"White"
17820,"Colorado Springs, CO",232854,5900,6640,5252,10884,19684,7526,0.02534,0.02852,0.02255,0.04674,0.08453,0.03232,"White"
17900,"Columbia, SC",219192,0,9096,12943,11063,22374,9101,0,0.0415,0.05905,0.05047,0.10207,0.04152,"White"
18140,"Columbus, OH",725080,30280,26093,24798,36457,72570,35497,0.04176,0.03599,0.0342,0.05028,0.10009,0.04896,"White"
19100,"Dallas-Fort Worth-Arlington, TX",1709310,27297,41383,68837,53147,127647,51122,0.01597,0.02421,0.04027,0.03109,0.07468,0.02991,"White"
19380,"Dayton, OH",293321,15018,14332,15860,22075,41238,20197,0.0512,0.04886,0.05407,0.07526,0.14059,0.06886,"White"
19660,"Deltona-Daytona Beach-Ormond Beach, FL",202494,10124,10165,18055,17277,36324,15187,0.05,0.0502,0.08916,0.08532,0.17938,0.075,"White"
19740,"Denver-Aurora-Lakewood, CO",1014294,6487,16085,21316,30418,55449,16914,0.0064,0.01586,0.02102,0.02999,0.05467,0.01668,"White"
19780,"Des Moines-West Des Moines, IA",283298,0,6821,5500,8208,16548,3447,0,0.02408,0.01941,0.02897,0.05841,0.01217,"White"
19820,"Detroit-Warren-Dearborn, MI",1421705,18466,56726,59748,77789,142369,58286,0.01299,0.0399,0.04203,0.05472,0.10014,0.041,"White"
21340,"El Paso, TX",44665,5195,1203,2093,3365,6554,3883,0.11631,0.02693,0.04686,0.07534,0.14674,0.08694,"White"
23420,"Fresno, CA",141790,16057,4703,7639,11050,22335,11964,0.11324,0.03317,0.05388,0.07793,0.15752,0.08438,"White"
24340,"Grand Rapids-Wyoming, MI",351294,12601,9477,11439,12870,32594,12220,0.03587,0.02698,0.03256,0.03664,0.09278,0.03479,"White"
24660,"Greensboro-High Point, NC",240537,3348,9672,14360,12549,26765,11379,0.01392,0.04021,0.0597,0.05217,0.11127,0.04731,"White"
24860,"Greenville-Anderson-Mauldin, SC",329247,0,25803,23190,29562,51426,23147,0,0.07837,0.07043,0.08979,0.15619,0.0703,"White"
25420,"Harrisburg-Carlisle, PA",218164,0,7295,5784,8633,16335,4882,0,0.03344,0.02651,0.03957,0.07487,0.02238,"White"
25540,"Hartford-West Hartford-East Hartford, CT",407643,2877,4897,5059,12297,18695,5306,0.00706,0.01201,0.01241,0.03017,0.04586,0.01302,"White"
26420,"Houston-The Woodlands-Sugar Land, TX",1255390,19346,30338,47796,44051,91864,38951,0.01541,0.02417,0.03807,0.03509,0.07318,0.03103,"White"
26900,"Indianapolis-Carmel-Anderson, IN",737714,23408,32833,39211,39091,79147,42578,0.03173,0.04451,0.05315,0.05299,0.10729,0.05772,"White"
27140,"Jackson, MS",142443,1915,4429,6326,9351,14605,5999,0.01344,0.03109,0.04441,0.06565,0.10253,0.04212,"White"
27260,"Jacksonville, FL",445332,14858,21405,26294,29919,57529,27121,0.03336,0.04807,0.05904,0.06718,0.12918,0.0609,"White"
28140,"Kansas City, MO-KS",787534,16813,21470,27703,37626,67792,27873,0.02135,0.02726,0.03518,0.04778,0.08608,0.03539,"White"
28940,"Knoxville, TN",391912,33042,30197,27703,37144,71452,41381,0.08431,0.07705,0.07069,0.09478,0.18232,0.10559,"White"
29460,"Lakeland-Winter Haven, FL",173388,0,8980,11837,15317,26274,8449,0,0.05179,0.06827,0.08834,0.15153,0.04873,"White"
29820,"Las Vegas-Henderson-Paradise, NV",480563,25733,15279,22877,27261,56250,27021,0.05355,0.03179,0.0476,0.05673,0.11705,0.05623,"White"
30780,"Little Rock-North Little Rock-Conway, AR",228631,0,7995,9952,12097,21875,7125,0,0.03497,0.04353,0.05291,0.09568,0.03116,"White"
31080,"Los Angeles-Long Beach-Anaheim, CA",2107303,43771,35439,64678,102569,175812,59375,0.02077,0.01682,0.03069,0.04867,0.08343,0.02818,"White"
31140,"Louisville/Jefferson County, KY-IN",484963,6523,23764,21331,29723,55782,19973,0.01345,0.049,0.04398,0.06129,0.11502,0.04118,"White"
31540,"Madison, WI",212327,7147,1672,4728,4949,14004,4176,0.03366,0.00787,0.02227,0.02331,0.06595,0.01967,"White"
32580,"McAllen-Edinburg-Mission, TX",20385,4573,1374,3063,1493,4573,3975,0.22433,0.0674,0.15026,0.07324,0.22433,0.195,"White"
32820,"Memphis, TN-MS-AR",278207,13972,12572,13718,14998,30706,16888,0.05022,0.04519,0.04931,0.05391,0.11037,0.0607,"White"
33100,"Miami-Fort Lauderdale-West Palm Beach, FL",871074,29929,26564,42121,49315,92701,42698,0.03436,0.0305,0.04836,0.05661,0.10642,0.04902,"White"
33340,"Milwaukee-Waukesha-West Allis, WI",548026,9793,9034,10839,21517,35791,11861,0.01787,0.01648,0.01978,0.03926,0.06531,0.02164,"White"
33460,"Minneapolis-St. Paul-Bloomington, MN-WI",1432658,11572,18129,20073,34352,63486,17476,0.00808,0.01265,0.01401,0.02398,0.04431,0.0122,"White"
34980,"Nashville-Davidson--Murfreesboro--Franklin, TN",738731,14108,33149,37052,36530,81072,33091,0.0191,0.04487,0.05016,0.04945,0.10974,0.04479,"White"
35300,"New Haven-Milford, CT",275193,7504,5786,4237,11689,19262,7665,0.02727,0.02103,0.0154,0.04248,0.06999,0.02785,"White"
35380,"New Orleans-Metairie, LA",340357,12005,11699,16979,15201,34218,16907,0.03527,0.03437,0.04989,0.04466,0.10054,0.04967,"White"
35620,"New York-Newark-Jersey City, NY-NJ-PA",4747147,99562,71736,95721,154005,303781,101577,0.02097,0.01511,0.02016,0.03244,0.06399,0.0214,"White"
35840,"North Port-Sarasota-Bradenton, FL",236057,0,6893,13608,13232,24108,8777,0,0.0292,0.05765,0.05605,0.10213,0.03718,"White"
36260,"Ogden-Clearfield, UT",214293,0,4215,4947,7526,12602,3567,0,0.01967,0.02309,0.03512,0.05881,0.01665,"White"
36420,"Oklahoma City, OK",458786,15745,19336,27611,23594,51326,26338,0.03432,0.04215,0.06018,0.05143,0.11187,0.05741,"White"
36540,"Omaha-Council Bluffs, NE-IA",394005,15796,11496,13416,17415,33757,18012,0.04009,0.02918,0.03405,0.0442,0.08568,0.04572,"White"
36740,"Orlando-Kissimmee-Sanford, FL",575142,12420,18385,39472,27508,63389,28957,0.02159,0.03197,0.06863,0.04783,0.11021,0.05035,"White"
37100,"Oxnard-Thousand Oaks-Ventura, CA",194843,0,2771,4008,6290,10240,2278,0,0.01422,0.02057,0.03228,0.05256,0.01169,"White"
37340,"Palm Bay-Melbourne-Titusville, FL",197265,0,6229,13782,13497,24369,8129,0,0.03158,0.06987,0.06842,0.12353,0.04121,"White"
37980,"Philadelphia-Camden-Wilmington, PA-NJ-DE-MD",1938287,32070,36249,51248,71832,129047,49180,0.01655,0.0187,0.02644,0.03706,0.06658,0.02537,"White"
38060,"Phoenix-Mesa-Scottsdale, AZ",1238072,48626,29538,43281,65870,128382,49742,0.03928,0.02386,0.03496,0.0532,0.1037,0.04018,"White"
38300,"Pittsburgh, PA",986344,26500,27085,35682,52366,95195,39779,0.02687,0.02746,0.03618,0.05309,0.09651,0.04033,"White"
38900,"Portland-Vancouver-Hillsboro, OR-WA",921749,12310,27533,29539,38344,81581,22616,0.01336,0.02987,0.03205,0.0416,0.08851,0.02454,"White"
39300,"Providence-Warwick, RI-MA",625602,24978,27221,8719,36212,61191,27194,0.03993,0.04351,0.01394,0.05788,0.09781,0.04347,"White"
39340,"Provo-Orem, UT",183721,6626,2714,6327,6193,15840,5244,0.03607,0.01477,0.03444,0.03371,0.08622,0.02854,"White"
39580,"Raleigh, NC",418608,13741,7514,12858,12322,31497,11985,0.03283,0.01795,0.03072,0.02944,0.07524,0.02863,"White"
40060,"Richmond, VA",357955,0,8539,9756,11534,20481,8246,0,0.02385,0.02725,0.03222,0.05722,0.02304,"White"
40140,"Riverside-San Bernardino-Ontario, CA",716625,37415,26596,30828,51061,92787,42038,0.05221,0.03711,0.04302,0.07125,0.12948,0.05866,"White"
40380,"Rochester, NY",417344,11123,13539,7484,18183,36518,11688,0.02665,0.03244,0.01793,0.04357,0.0875,0.02801,"White"
40900,"Sacramento--Roseville--Arden-Arcade, CA",595105,31785,18474,18172,36718,71047,28728,0.05341,0.03104,0.03054,0.0617,0.11939,0.04827,"White"
41180,"St. Louis, MO-IL",1052441,22804,41956,45463,53750,106892,44731,0.02167,0.03987,0.0432,0.05107,0.10157,0.0425,"White"
41620,"Salt Lake City, UT",440609,0,9410,13486,14301,27651,8180,0,0.02136,0.03061,0.03246,0.06276,0.01857,"White"
41700,"San Antonio-New Braunfels, TX",373373,11681,10030,15371,17377,34034,16514,0.03129,0.02686,0.04117,0.04654,0.09115,0.04423,"White"
41740,"San Diego-Carlsbad, CA",762130,7739,13730,20720,43993,69334,13886,0.01015,0.01802,0.02719,0.05772,0.09097,0.01822,"White"
41860,"San Francisco-Oakland-Hayward, CA",1017252,10424,10333,15987,30294,49541,15437,0.01025,0.01016,0.01572,0.02978,0.0487,0.01518,"White"
41940,"San Jose-Sunnyvale-Santa Clara, CA",329587,0,3082,6885,7680,14911,2587,0,0.00935,0.02089,0.0233,0.04524,0.00785,"White"
42540,"Scranton--Wilkes-Barre--Hazleton, PA",201619,0,6497,7775,17509,25660,5534,0,0.03222,0.03856,0.08684,0.12727,0.02745,"White"
42660,"Seattle-Tacoma-Bellevue, WA",1297101,12494,25848,30818,51455,89081,26262,0.00963,0.01993,0.02376,0.03967,0.06868,0.02025,"White"
44060,"Spokane-Spokane Valley, WA",238364,15195,11536,10604,20768,38043,15357,0.06375,0.0484,0.04449,0.08713,0.1596,0.06443,"White"
44140,"Springfield, MA",195528,3659,4670,1777,11553,16124,4739,0.01871,0.02388,0.00909,0.05909,0.08246,0.02424,"White"
44700,"Stockton-Lodi, CA",118463,5189,6934,4622,8137,15257,7348,0.0438,0.05853,0.03902,0.06869,0.12879,0.06203,"White"
45060,"Syracuse, NY",270421,9578,11470,6558,15814,29143,12340,0.03542,0.04242,0.02425,0.05848,0.10777,0.04563,"White"
45300,"Tampa-St. Petersburg-Clearwater, FL",913141,5502,39159,61255,64393,122042,42100,0.00603,0.04288,0.06708,0.07052,0.13365,0.0461,"White"
45780,"Toledo, OH",240152,14560,10042,7402,16541,30646,13640,0.06063,0.04182,0.03082,0.06888,0.12761,0.0568,"White"
46060,"Tucson, AZ",234232,8701,6451,10030,14763,27562,10043,0.03715,0.02754,0.04282,0.06303,0.11767,0.04288,"White"
46140,"Tulsa, OK",269231,7114,9415,16039,12091,28873,12091,0.02642,0.03497,0.05957,0.04491,0.10724,0.04491,"White"
46520,"Urban Honolulu, HI",83894,0,1052,1040,3860,5386,566,0,0.01254,0.0124,0.04601,0.0642,0.00675,"White"
47260,"Virginia Beach-Norfolk-Newport News, VA-NC",425338,11241,12103,18366,16397,36328,16481,0.02643,0.02846,0.04318,0.03855,0.08541,0.03875,"White"
47900,"Washington-Arlington-Alexandria, DC-VA-MD-WV",1443331,0,12823,20981,25917,45863,12855,0,0.00888,0.01454,0.01796,0.03178,0.00891,"White"
48620,"Wichita, KS",212766,11265,8685,15497,9137,27196,13263,0.05295,0.04082,0.07284,0.04294,0.12782,0.06234,"White"
49180,"Winston-Salem, NC",212448,5916,12399,12822,16149,28116,14949,0.02785,0.05836,0.06035,0.07601,0.13234,0.07037,"White"
49340,"Worcester, MA-CT",369582,11977,10419,2756,16330,28612,10816,0.03241,0.02819,0.00746,0.04419,0.07742,0.02927,"White"
49660,"Youngstown-Warren-Boardman, OH-PA",217311,11092,11196,11384,16224,33644,13187,0.05104,0.05152,0.05239,0.07466,0.15482,0.06068,"White"
88888,"100 Metro Total",14213207,2022701,1111374,1152821,1772538,3445930,1926702,0.14231,0.07819,0.08111,0.12471,0.24245,0.13556,"Black"
10420,"Akron, OH",37997,12719,3969,3454,8700,14290,10336,0.33474,0.10446,0.0909,0.22897,0.37608,0.27202,"Black"
10580,"Albany-Schenectady-Troy, NY",28530,4425,3180,974,4216,7522,4090,0.1551,0.11146,0.03414,0.14777,0.26365,0.14336,"Black"
10740,"Albuquerque, NM",9648,1373,NA,775,1275,2723,1251,0.14231,NA,0.08033,0.13215,0.28223,0.12966,"Black"
10900,"Allentown-Bethlehem-Easton, PA-NJ",17085,2701,1494,1128,1353,3445,2282,0.15809,0.08745,0.06602,0.07919,0.20164,0.13357,"Black"
12060,"Atlanta-Sandy Springs-Roswell, GA",938653,68581,55216,101731,84287,188858,91561,0.07306,0.05882,0.10838,0.0898,0.2012,0.09755,"Black"
12260,"Augusta-Richmond County, GA-SC",84805,19338,9211,7846,13858,26692,15874,0.22803,0.10861,0.09252,0.16341,0.31475,0.18718,"Black"
12420,"Austin-Round Rock, TX",70651,5324,2832,2858,5668,9640,5044,0.07536,0.04008,0.04045,0.08023,0.13645,0.07139,"Black"
12540,"Bakersfield, CA",14253,1673,1287,NA,2814,4112,1967,0.11738,0.0903,NA,0.19743,0.2885,0.13801,"Black"
12580,"Baltimore-Columbia-Towson, MD",392662,55594,25423,12017,43736,76162,44934,0.14158,0.06475,0.0306,0.11138,0.19396,0.11443,"Black"
12940,"Baton Rouge, LA",136696,0,11690,15632,13996,28639,11458,0,0.08552,0.11436,0.10239,0.20951,0.08382,"Black"
13820,"Birmingham-Hoover, AL",155744,33829,13540,17822,24944,47706,30101,0.21721,0.08694,0.11443,0.16016,0.30631,0.19327,"Black"
14260,"Boise City, ID",1353,0,NA,NA,NA,NA,NA,0,NA,NA,NA,NA,NA,"Black"
14460,"Boston-Cambridge-Newton, MA-NH",165804,15830,12504,4594,18368,31127,15685,0.09547,0.07541,0.02771,0.11078,0.18773,0.0946,"Black"
14860,"Bridgeport-Stamford-Norwalk, CT",49900,6324,1578,2376,3953,8645,4014,0.12673,0.03162,0.04762,0.07922,0.17325,0.08044,"Black"
15380,"Buffalo-Cheektowaga-Niagara Falls, NY",58878,17740,6790,2008,11958,20754,13014,0.3013,0.11532,0.0341,0.2031,0.35249,0.22103,"Black"
15980,"Cape Coral-Fort Myers, FL",24868,0,3450,4157,3147,7101,3390,0,0.13873,0.16716,0.12655,0.28555,0.13632,"Black"
16700,"Charleston-North Charleston, SC",89719,0,7460,9705,9259,18885,6832,0,0.08315,0.10817,0.1032,0.21049,0.07615,"Black"
16740,"Charlotte-Concord-Gastonia, NC-SC",275460,24351,22903,29322,31657,64778,32348,0.0884,0.08314,0.10645,0.11492,0.23516,0.11743,"Black"
16860,"Chattanooga, TN-GA",34653,8814,3624,3374,3992,10751,6434,0.25435,0.10458,0.09737,0.1152,0.31025,0.18567,"Black"
16980,"Chicago-Naperville-Elgin, IL-IN-WI",759174,178958,70218,61886,126003,228647,147348,0.23573,0.09249,0.08152,0.16597,0.30118,0.19409,"Black"
17140,"Cincinnati, OH-KY-IN",120716,27369,11742,11342,19541,38253,23032,0.22672,0.09727,0.09396,0.16188,0.31688,0.19079,"Black"
17460,"Cleveland-Elyria, OH",184433,54111,24927,18749,39369,70822,47620,0.29339,0.13515,0.10166,0.21346,0.384,0.2582,"Black"
17820,"Colorado Springs, CO",16096,1154,NA,NA,1574,2393,946,0.07169,NA,NA,0.09779,0.14867,0.05877,"Black"
17900,"Columbia, SC",123140,0,10564,13011,15315,25748,11785,0,0.08579,0.10566,0.12437,0.2091,0.0957,"Black"
18140,"Columbus, OH",131891,26031,12702,11099,15246,35510,22060,0.19737,0.09631,0.08415,0.1156,0.26924,0.16726,"Black"
19100,"Dallas-Fort Worth-Arlington, TX",530237,61887,28871,53176,54867,112558,59735,0.11672,0.05445,0.10029,0.10348,0.21228,0.11266,"Black"
19380,"Dayton, OH",56193,15848,5869,4967,11628,21784,12028,0.28203,0.10444,0.08839,0.20693,0.38766,0.21405,"Black"
19660,"Deltona-Daytona Beach-Ormond Beach, FL",27371,4482,2363,3413,5002,8027,4920,0.16375,0.08633,0.12469,0.18275,0.29327,0.17975,"Black"
19740,"Denver-Aurora-Lakewood, CO",77726,1398,4473,3942,6113,11574,3284,0.01799,0.05755,0.05072,0.07865,0.14891,0.04225,"Black"
19780,"Des Moines-West Des Moines, IA",11748,0,1108,NA,618,1762,NA,0,0.09431,NA,0.0526,0.14998,NA,"Black"
19820,"Detroit-Warren-Dearborn, MI",450886,124963,54072,38636,84914,155532,101709,0.27715,0.11992,0.08569,0.18833,0.34495,0.22558,"Black"
21340,"El Paso, TX",9032,894,NA,NA,555,1336,617,0.09898,NA,NA,0.06145,0.14792,0.06831,"Black"
23420,"Fresno, CA",19356,6094,2263,1054,2946,6958,4124,0.31484,0.11691,0.05445,0.1522,0.35948,0.21306,"Black"
24340,"Grand Rapids-Wyoming, MI",29004,9929,5263,2451,7040,12935,9747,0.34233,0.18146,0.08451,0.24273,0.44597,0.33606,"Black"
24660,"Greensboro-High Point, NC",97618,10620,6025,11549,11881,27781,10562,0.10879,0.06172,0.11831,0.12171,0.28459,0.1082,"Black"
24860,"Greenville-Anderson-Mauldin, SC",73032,0,8359,8838,9990,17760,7221,0,0.11446,0.12102,0.13679,0.24318,0.09887,"Black"
25420,"Harrisburg-Carlisle, PA",27058,0,4412,5230,4428,9552,3360,0,0.16306,0.19329,0.16365,0.35302,0.12418,"Black"
25540,"Hartford-West Hartford-East Hartford, CT",62169,6640,3707,3070,6935,12635,5640,0.10681,0.05963,0.04938,0.11155,0.20324,0.09072,"Black"
26420,"Houston-The Woodlands-Sugar Land, TX",540558,63731,26508,45617,49613,105775,58290,0.1179,0.04904,0.08439,0.09178,0.19568,0.10783,"Black"
26900,"Indianapolis-Carmel-Anderson, IN",139560,17170,13015,14215,19594,35461,20409,0.12303,0.09326,0.10186,0.1404,0.25409,0.14624,"Black"
27140,"Jackson, MS",143925,16729,13119,13296,14740,33619,18910,0.11623,0.09115,0.09238,0.10241,0.23359,0.13139,"Black"
27260,"Jacksonville, FL",142656,26655,12169,12629,19723,38585,23131,0.18685,0.0853,0.08853,0.13826,0.27048,0.16215,"Black"
28140,"Kansas City, MO-KS",121044,16950,6157,15006,17566,31584,18282,0.14003,0.05087,0.12397,0.14512,0.26093,0.15104,"Black"
28940,"Knoxville, TN",22510,9040,3275,1564,3939,9940,6139,0.4016,0.14549,0.06948,0.17499,0.44158,0.27272,"Black"
29460,"Lakeland-Winter Haven, FL",42662,0,3717,5949,6317,10305,4830,0,0.08713,0.13944,0.14807,0.24155,0.11322,"Black"
29820,"Las Vegas-Henderson-Paradise, NV",106738,15408,9508,7927,18172,30568,14933,0.14435,0.08908,0.07427,0.17025,0.28638,0.1399,"Black"
30780,"Little Rock-North Little Rock-Conway, AR",79890,0,5089,4025,9331,14975,3195,0,0.0637,0.05038,0.1168,0.18745,0.03999,"Black"
31080,"Los Angeles-Long Beach-Anaheim, CA",419015,75799,19216,26917,59604,102327,61857,0.1809,0.04586,0.06424,0.14225,0.24421,0.14762,"Black"
31140,"Louisville/Jefferson County, KY-IN",83494,16655,9052,5726,15468,25424,15627,0.19948,0.10841,0.06858,0.18526,0.3045,0.18716,"Black"
31540,"Madison, WI",8916,NA,NA,NA,1241,1409,NA,NA,NA,NA,0.13919,0.15803,NA,"Black"
32580,"McAllen-Edinburg-Mission, TX",1647,NA,NA,NA,NA,NA,NA,NA,NA,NA,NA,NA,NA,"Black"
32820,"Memphis, TN-MS-AR",268544,80738,22281,32602,40962,92071,60261,0.30065,0.08297,0.1214,0.15253,0.34285,0.2244,"Black"
33100,"Miami-Fort Lauderdale-West Palm Beach, FL",573521,113732,56184,80647,54567,163204,100991,0.1983,0.09796,0.14062,0.09514,0.28456,0.17609,"Black"
33340,"Milwaukee-Waukesha-West Allis, WI",115747,35999,12823,11365,22224,44613,27069,0.31101,0.11078,0.09819,0.192,0.38544,0.23386,"Black"
33460,"Minneapolis-St. Paul-Bloomington, MN-WI",131359,13397,17474,11640,16481,38446,17353,0.10199,0.13302,0.08861,0.12547,0.29268,0.1321,"Black"
34980,"Nashville-Davidson--Murfreesboro--Franklin, TN",136345,21454,12132,10310,14685,34325,17905,0.15735,0.08898,0.07562,0.1077,0.25175,0.13132,"Black"
35300,"New Haven-Milford, CT",51764,7929,3522,1362,5026,10266,5615,0.15318,0.06804,0.02631,0.09709,0.19832,0.10847,"Black"
35380,"New Orleans-Metairie, LA",202977,47345,19502,21425,32973,63685,41986,0.23325,0.09608,0.10555,0.16245,0.31375,0.20685,"Black"
35620,"New York-Newark-Jersey City, NY-NJ-PA",1584296,215760,117981,79248,163752,322160,189932,0.13619,0.07447,0.05002,0.10336,0.20335,0.11988,"Black"
35840,"North Port-Sarasota-Bradenton, FL",21450,0,2539,3296,3593,5720,2886,0,0.11837,0.15366,0.16751,0.26667,0.13455,"Black"
36260,"Ogden-Clearfield, UT",2290,0,NA,NA,NA,NA,NA,0,NA,NA,NA,NA,NA,"Black"
36420,"Oklahoma City, OK",62137,3880,5081,5116,7533,12220,6959,0.06244,0.08177,0.08233,0.12123,0.19666,0.11199,"Black"
36540,"Omaha-Council Bluffs, NE-IA",30468,8085,3656,3632,5744,10046,6431,0.26536,0.11999,0.11921,0.18853,0.32972,0.21107,"Black"
36740,"Orlando-Kissimmee-Sanford, FL",171912,17764,14458,18746,14811,42015,19486,0.10333,0.0841,0.10904,0.08615,0.2444,0.11335,"Black"
37100,"Oxnard-Thousand Oaks-Ventura, CA",6727,0,NA,NA,NA,NA,NA,0,NA,NA,NA,NA,NA,"Black"
37340,"Palm Bay-Melbourne-Titusville, FL",24275,0,3043,3051,1721,5700,2115,0,0.12536,0.12568,0.0709,0.23481,0.08713,"Black"
37980,"Philadelphia-Camden-Wilmington, PA-NJ-DE-MD",581037,101012,45011,39994,87808,154734,86458,0.17385,0.07747,0.06883,0.15112,0.26631,0.1488,"Black"
38060,"Phoenix-Mesa-Scottsdale, AZ",112208,16602,6436,8074,13461,25688,13930,0.14796,0.05736,0.07196,0.11996,0.22893,0.12414,"Black"
38300,"Pittsburgh, PA",86456,10337,8925,8266,19133,28800,13964,0.11956,0.10323,0.09561,0.2213,0.33312,0.16152,"Black"
38900,"Portland-Vancouver-Hillsboro, OR-WA",30798,2474,2863,1806,5660,7743,3924,0.08033,0.09296,0.05864,0.18378,0.25141,0.12741,"Black"
39300,"Providence-Warwick, RI-MA",35183,3001,2117,1512,2111,5564,2454,0.0853,0.06017,0.04298,0.06,0.15814,0.06975,"Black"
39340,"Provo-Orem, UT",1732,0,NA,NA,NA,NA,NA,0,NA,NA,NA,NA,NA,"Black"
39580,"Raleigh, NC",137922,18510,10554,12566,13515,31189,17989,0.13421,0.07652,0.09111,0.09799,0.22614,0.13043,"Black"
40060,"Richmond, VA",176755,0,15297,16308,17342,34543,12895,0,0.08654,0.09226,0.09811,0.19543,0.07295,"Black"
40140,"Riverside-San Bernardino-Ontario, CA",141176,15831,5629,7841,15951,28469,13789,0.11214,0.03987,0.05554,0.11299,0.20166,0.09767,"Black"
40380,"Rochester, NY",51258,16194,8992,1559,11221,18740,13800,0.31593,0.17543,0.03041,0.21891,0.3656,0.26923,"Black"
40900,"Sacramento--Roseville--Arden-Arcade, CA",72627,10756,5139,3192,11368,20269,8298,0.1481,0.07076,0.04395,0.15653,0.27908,0.11426,"Black"
41180,"St. Louis, MO-IL",236979,44997,22006,26575,38236,66441,42981,0.18988,0.09286,0.11214,0.16135,0.28037,0.18137,"Black"
41620,"Salt Lake City, UT",8268,0,1039,1047,NA,2086,NA,0,0.12567,0.12663,NA,0.2523,NA,"Black"
41700,"San Antonio-New Braunfels, TX",75414,6262,5178,4875,8087,14480,7041,0.08303,0.06866,0.06464,0.10723,0.19201,0.09336,"Black"
41740,"San Diego-Carlsbad, CA",75948,5459,3008,4314,7844,13100,5548,0.07188,0.03961,0.0568,0.10328,0.17249,0.07305,"Black"
41860,"San Francisco-Oakland-Hayward, CA",168255,19494,11947,6920,27947,40209,21303,0.11586,0.07101,0.04113,0.1661,0.23898,0.12661,"Black"
41940,"San Jose-Sunnyvale-Santa Clara, CA",25245,0,784,1308,1941,3796,NA,0,0.03106,0.05181,0.07689,0.15037,NA,"Black"
42540,"Scranton--Wilkes-Barre--Hazleton, PA",6958,0,1296,960,1692,2927,1021,0,0.18626,0.13797,0.24317,0.42067,0.14674,"Black"
42660,"Seattle-Tacoma-Bellevue, WA",101506,3984,8197,3094,12036,19923,6374,0.03925,0.08075,0.03048,0.11857,0.19627,0.06279,"Black"
44060,"Spokane-Spokane Valley, WA",2540,NA,NA,NA,NA,NA,NA,NA,NA,NA,NA,NA,NA,"Black"
44140,"Springfield, MA",17899,4573,2306,NA,2249,5355,2821,0.25549,0.12883,NA,0.12565,0.29918,0.15761,"Black"
44700,"Stockton-Lodi, CA",20750,4559,2318,2244,4825,7363,4775,0.21971,0.11171,0.10814,0.23253,0.35484,0.23012,"Black"
45060,"Syracuse, NY",22496,9702,3472,608,4673,9736,6725,0.43128,0.15434,0.02703,0.20773,0.43279,0.29894,"Black"
45300,"Tampa-St. Petersburg-Clearwater, FL",160675,11312,15580,15480,20918,40159,18916,0.0704,0.09697,0.09634,0.13019,0.24994,0.11773,"Black"
45780,"Toledo, OH",39043,13906,7495,2761,10164,16263,11755,0.35617,0.19197,0.07072,0.26033,0.41654,0.30108,"Black"
46060,"Tucson, AZ",13468,2060,NA,1211,1702,3415,1124,0.15296,NA,0.08992,0.12637,0.25356,0.08346,"Black"
46140,"Tulsa, OK",33124,5391,3774,5397,5796,10802,6708,0.16275,0.11394,0.16293,0.17498,0.32611,0.20251,"Black"
46520,"Urban Honolulu, HI",11067,0,NA,NA,670,670,NA,0,NA,NA,0.06054,0.06054,NA,"Black"
47260,"Virginia Beach-Norfolk-Newport News, VA-NC",242519,21718,18205,23611,27617,51209,30134,0.08955,0.07507,0.09736,0.11388,0.21115,0.12425,"Black"
47900,"Washington-Arlington-Alexandria, DC-VA-MD-WV",773675,24642,25284,27651,48544,89285,31617,0.03185,0.03268,0.03574,0.06274,0.1154,0.04087,"Black"
48620,"Wichita, KS",22387,2554,2063,4596,3461,8438,3748,0.11408,0.09215,0.2053,0.1546,0.37692,0.16742,"Black"
49180,"Winston-Salem, NC",54423,5392,3837,5558,7097,12897,6110,0.09908,0.0705,0.10213,0.1304,0.23698,0.11227,"Black"
49340,"Worcester, MA-CT",17338,4025,2345,909,1488,4596,3131,0.23215,0.13525,0.05243,0.08582,0.26508,0.18059,"Black"
49660,"Youngstown-Warren-Boardman, OH-PA",25412,3474,4125,1904,5545,9201,4313,0.13671,0.16232,0.07493,0.2182,0.36207,0.16972,"Black"
88888,"100 Metro Total",20669560,2741452,3397043,3227783,1212457,5709791,3581195,0.13263,0.16435,0.15616,0.05866,0.27624,0.17326,"Hispanic"
10420,"Akron, OH",5426,NA,622,NA,NA,857,585,NA,0.11463,NA,NA,0.15794,0.10781,"Hispanic"
10580,"Albany-Schenectady-Troy, NY",17861,2168,2088,NA,3269,5194,2614,0.12138,0.1169,NA,0.18302,0.2908,0.14635,"Hispanic"
10740,"Albuquerque, NM",195527,48641,27760,23211,19867,58019,41464,0.24877,0.14198,0.11871,0.10161,0.29673,0.21206,"Hispanic"
10900,"Allentown-Bethlehem-Easton, PA-NJ",54959,10500,7635,6366,7921,17503,10851,0.19105,0.13892,0.11583,0.14413,0.31847,0.19744,"Hispanic"
12060,"Atlanta-Sandy Springs-Roswell, GA",279486,8155,61769,86161,8772,96098,61523,0.02918,0.22101,0.30828,0.03139,0.34384,0.22013,"Hispanic"
12260,"Augusta-Richmond County, GA-SC",12383,793,1420,1443,858,2625,1634,0.06404,0.11467,0.11653,0.06929,0.21198,0.13196,"Hispanic"
12420,"Austin-Round Rock, TX",305265,39120,48043,50404,14175,80506,50163,0.12815,0.15738,0.16512,0.04644,0.26372,0.16433,"Hispanic"
12540,"Bakersfield, CA",190788,59638,45622,25328,17482,71354,54017,0.31259,0.23912,0.13275,0.09163,0.374,0.28313,"Hispanic"
12580,"Baltimore-Columbia-Towson, MD",71613,4507,6618,8339,2153,11253,8066,0.06294,0.09241,0.11645,0.03006,0.15714,0.11263,"Hispanic"
12940,"Baton Rouge, LA",12477,0,1905,3078,NA,3078,1951,0,0.15268,0.24669,NA,0.24669,0.15637,"Hispanic"
13820,"Birmingham-Hoover, AL",21129,5867,7287,10161,1582,12238,8953,0.27768,0.34488,0.4809,0.07487,0.5792,0.42373,"Hispanic"
14260,"Boise City, ID",38481,0,8650,10036,2393,12067,7083,0,0.22479,0.2608,0.06219,0.31358,0.18406,"Hispanic"
14460,"Boston-Cambridge-Newton, MA-NH",232018,16349,35940,8728,26555,61957,21407,0.07046,0.1549,0.03762,0.11445,0.26704,0.09226,"Hispanic"
14860,"Bridgeport-Stamford-Norwalk, CT",89629,10278,11220,11141,5617,20778,13332,0.11467,0.12518,0.1243,0.06267,0.23182,0.14875,"Hispanic"
15380,"Buffalo-Cheektowaga-Niagara Falls, NY",21477,6971,3896,1209,4727,8958,6091,0.32458,0.1814,0.05629,0.2201,0.4171,0.28361,"Hispanic"
15980,"Cape Coral-Fort Myers, FL",62728,0,10557,13824,3527,18771,8770,0,0.1683,0.22038,0.05623,0.29924,0.13981,"Hispanic"
16700,"Charleston-North Charleston, SC",18003,0,5151,6361,983,7846,4486,0,0.28612,0.35333,0.0546,0.43582,0.24918,"Hispanic"
16740,"Charlotte-Concord-Gastonia, NC-SC",107381,5467,26788,31131,2984,37656,23615,0.05091,0.24947,0.28991,0.02779,0.35068,0.21992,"Hispanic"
16860,"Chattanooga, TN-GA",9636,2935,3446,3413,NA,4071,3838,0.30459,0.35762,0.35419,NA,0.42248,0.3983,"Hispanic"
16980,"Chicago-Naperville-Elgin, IL-IN-WI",993552,88024,138079,147246,38648,232072,137096,0.0886,0.13898,0.1482,0.0389,0.23358,0.13799,"Hispanic"
17140,"Cincinnati, OH-KY-IN",28536,1701,3760,3892,1043,5696,2931,0.05961,0.13176,0.13639,0.03655,0.19961,0.10271,"Hispanic"
17460,"Cleveland-Elyria, OH",49264,15167,7967,3202,5796,17197,10316,0.30787,0.16172,0.065,0.11765,0.34908,0.2094,"Hispanic"
17820,"Colorado Springs, CO",45247,6265,6602,7095,3663,12829,7839,0.13846,0.14591,0.15681,0.08096,0.28353,0.17325,"Hispanic"
17900,"Columbia, SC",19090,0,5768,6483,NA,7151,5330,0,0.30215,0.3396,NA,0.37459,0.2792,"Hispanic"
18140,"Columbus, OH",31648,5705,5579,8269,1990,10067,7441,0.18026,0.17628,0.26128,0.06288,0.31809,0.23512,"Hispanic"
19100,"Dallas-Fort Worth-Arlington, TX",909403,108185,191923,199211,33100,281624,191412,0.11896,0.21104,0.21906,0.0364,0.30968,0.21048,"Hispanic"
19380,"Dayton, OH",9741,1016,1136,1804,NA,2053,1486,0.1043,0.11662,0.1852,NA,0.21076,0.15255,"Hispanic"
19660,"Deltona-Daytona Beach-Ormond Beach, FL",32158,925,3903,6287,2279,8946,3926,0.02876,0.12137,0.1955,0.07087,0.27819,0.12208,"Hispanic"
19740,"Denver-Aurora-Lakewood, CO",300249,7441,46586,38141,17503,69844,34079,0.02478,0.15516,0.12703,0.05829,0.23262,0.1135,"Hispanic"
19780,"Des Moines-West Des Moines, IA",17375,0,3908,3804,1526,6378,2549,0,0.22492,0.21894,0.08783,0.36708,0.14671,"Hispanic"
19820,"Detroit-Warren-Dearborn, MI",79609,8876,8736,8643,5219,17378,9879,0.11149,0.10974,0.10857,0.06556,0.21829,0.12409,"Hispanic"
21340,"El Paso, TX",302755,77817,48819,54344,26664,98722,71930,0.25703,0.16125,0.1795,0.08807,0.32608,0.23758,"Hispanic"
23420,"Fresno, CA",216521,92305,58860,37926,24980,98380,75419,0.42631,0.27184,0.17516,0.11537,0.45437,0.34832,"Hispanic"
24340,"Grand Rapids-Wyoming, MI",36377,6700,7953,6666,4545,12524,9731,0.18418,0.21863,0.18325,0.12494,0.34428,0.2675,"Hispanic"
24660,"Greensboro-High Point, NC",27219,1639,9208,8847,1481,11483,8502,0.06022,0.33829,0.32503,0.05441,0.42187,0.31236,"Hispanic"
24860,"Greenville-Anderson-Mauldin, SC",28612,0,9312,11235,628,12619,8069,0,0.32546,0.39267,0.02195,0.44104,0.28201,"Hispanic"
25420,"Harrisburg-Carlisle, PA",14584,0,1678,1288,2301,3446,1673,0,0.11506,0.08832,0.15778,0.23629,0.11471,"Hispanic"
25540,"Hartford-West Hartford-East Hartford, CT",75577,12435,13416,3537,9902,22008,12828,0.16453,0.17751,0.0468,0.13102,0.2912,0.16973,"Hispanic"
26420,"Houston-The Woodlands-Sugar Land, TX",1122093,121551,205850,244331,42162,321446,219645,0.10833,0.18345,0.21775,0.03757,0.28647,0.19575,"Hispanic"
26900,"Indianapolis-Carmel-Anderson, IN",55576,9841,12901,15935,3249,21791,15400,0.17707,0.23213,0.28672,0.05846,0.39209,0.2771,"Hispanic"
27140,"Jackson, MS",5150,NA,830,1722,NA,1722,996,NA,0.16117,0.33437,NA,0.33437,0.1934,"Hispanic"
27260,"Jacksonville, FL",54289,2652,4639,5469,2748,11414,3638,0.04885,0.08545,0.10074,0.05062,0.21025,0.06701,"Hispanic"
28140,"Kansas City, MO-KS",83399,15470,19711,21787,4416,27658,22682,0.18549,0.23635,0.26124,0.05295,0.33163,0.27197,"Hispanic"
28940,"Knoxville, TN",12929,2931,5074,5146,584,6932,4427,0.2267,0.39245,0.39802,0.04517,0.53616,0.34241,"Hispanic"
29460,"Lakeland-Winter Haven, FL",56512,0,10057,10075,5047,16294,7948,0,0.17796,0.17828,0.08931,0.28833,0.14064,"Hispanic"
29820,"Las Vegas-Henderson-Paradise, NV",298688,49166,44246,50403,11588,80242,53039,0.16461,0.14813,0.16875,0.0388,0.26865,0.17757,"Hispanic"
30780,"Little Rock-North Little Rock-Conway, AR",15455,0,4052,4503,729,5581,3242,0,0.26218,0.29136,0.04717,0.36111,0.20977,"Hispanic"
31080,"Los Angeles-Long Beach-Anaheim, CA",2910068,444087,569418,446136,126832,849690,538547,0.1526,0.19567,0.15331,0.04358,0.29198,0.18506,"Hispanic"
31140,"Louisville/Jefferson County, KY-IN",22607,748,3707,4400,647,5880,3142,0.03309,0.16398,0.19463,0.02862,0.2601,0.13898,"Hispanic"
31540,"Madison, WI",14141,781,3543,3678,NA,5389,2949,0.05523,0.25055,0.26009,NA,0.38109,0.20854,"Hispanic"
32580,"McAllen-Edinburg-Mission, TX",322885,138569,80706,100154,29538,138569,122297,0.42916,0.24995,0.31018,0.09148,0.42916,0.37876,"Hispanic"
32820,"Memphis, TN-MS-AR",31026,11429,9226,12144,1814,14091,11865,0.36837,0.29736,0.39141,0.05847,0.45417,0.38242,"Hispanic"
33100,"Miami-Fort Lauderdale-West Palm Beach, FL",1350213,201539,107105,195764,75933,317399,195563,0.14926,0.07932,0.14499,0.05624,0.23507,0.14484,"Hispanic"
33340,"Milwaukee-Waukesha-West Allis, WI",71226,15134,14219,12303,7731,23359,16837,0.21248,0.19963,0.17273,0.10854,0.32796,0.23639,"Hispanic"
33460,"Minneapolis-St. Paul-Bloomington, MN-WI",89784,4967,12361,15067,3108,20871,11993,0.05532,0.13767,0.16781,0.03462,0.23246,0.13358,"Hispanic"
34980,"Nashville-Davidson--Murfreesboro--Franklin, TN",62549,3468,13449,16295,2417,21559,11632,0.05544,0.21502,0.26052,0.03864,0.34467,0.18597,"Hispanic"
35300,"New Haven-Milford, CT",66133,15348,8015,6374,7173,19234,12582,0.23208,0.1212,0.09638,0.10846,0.29084,0.19025,"Hispanic"
35380,"New Orleans-Metairie, LA",54893,4788,5608,10676,1909,12999,6739,0.08722,0.10216,0.19449,0.03478,0.23681,0.12277,"Hispanic"
35620,"New York-Newark-Jersey City, NY-NJ-PA",2405946,370298,353997,294495,179878,655723,402360,0.15391,0.14713,0.1224,0.07476,0.27254,0.16724,"Hispanic"
35840,"North Port-Sarasota-Bradenton, FL",40254,0,5531,7327,2221,10373,4199,0,0.1374,0.18202,0.05517,0.25769,0.10431,"Hispanic"
36260,"Ogden-Clearfield, UT",31208,0,3314,5788,559,6733,2928,0,0.10619,0.18547,0.01791,0.21575,0.09382,"Hispanic"
36420,"Oklahoma City, OK",72267,16768,17874,20161,2142,26278,18863,0.23203,0.24733,0.27898,0.02964,0.36362,0.26102,"Hispanic"
36540,"Omaha-Council Bluffs, NE-IA",38772,10824,11251,9786,2287,13960,11226,0.27917,0.29018,0.2524,0.05899,0.36005,0.28954,"Hispanic"
36740,"Orlando-Kissimmee-Sanford, FL",318301,25570,27942,46512,23732,75328,37615,0.08033,0.08778,0.14613,0.07456,0.23666,0.11817,"Hispanic"
37100,"Oxnard-Thousand Oaks-Ventura, CA",169068,0,29752,23038,6339,39255,17993,0,0.17598,0.13626,0.03749,0.23218,0.10642,"Hispanic"
37340,"Palm Bay-Melbourne-Titusville, FL",22763,0,1834,2241,2941,5363,1532,0,0.08057,0.09845,0.1292,0.2356,0.0673,"Hispanic"
37980,"Philadelphia-Camden-Wilmington, PA-NJ-DE-MD",253002,50117,49725,37828,30214,82102,60174,0.19809,0.19654,0.14952,0.11942,0.32451,0.23784,"Hispanic"
38060,"Phoenix-Mesa-Scottsdale, AZ",592402,123229,120871,102384,44370,193331,136176,0.20802,0.20404,0.17283,0.0749,0.32635,0.22987,"Hispanic"
38300,"Pittsburgh, PA",15597,1095,775,433,1624,2753,840,0.07021,0.04969,0.02776,0.10412,0.17651,0.05386,"Hispanic"
38900,"Portland-Vancouver-Hillsboro, OR-WA",124367,3807,21327,23820,5266,35736,15915,0.03061,0.17148,0.19153,0.04234,0.28734,0.12797,"Hispanic"
39300,"Providence-Warwick, RI-MA",84093,23187,18455,8635,12812,32235,22549,0.27573,0.21946,0.10268,0.15236,0.38333,0.26814,"Hispanic"
39340,"Provo-Orem, UT",24735,1977,1990,4590,NA,5996,2769,0.07993,0.08045,0.18557,NA,0.24241,0.11195,"Hispanic"
39580,"Raleigh, NC",60529,3850,13440,18785,1518,21565,13610,0.06361,0.22204,0.31035,0.02508,0.35628,0.22485,"Hispanic"
40060,"Richmond, VA",32670,0,7485,7489,725,9801,5825,0,0.22911,0.22923,0.02219,0.3,0.1783,"Hispanic"
40140,"Riverside-San Bernardino-Ontario, CA",996693,120788,167735,131712,58350,262735,159482,0.12119,0.16829,0.13215,0.05854,0.26361,0.16001,"Hispanic"
40380,"Rochester, NY",31713,7916,5908,768,4964,9271,6773,0.24961,0.1863,0.02422,0.15653,0.29234,0.21357,"Hispanic"
40900,"Sacramento--Roseville--Arden-Arcade, CA",214414,28387,27631,27015,14014,54248,30986,0.13239,0.12887,0.12599,0.06536,0.25301,0.14451,"Hispanic"
41180,"St. Louis, MO-IL",36636,3031,3377,3800,1054,6316,3706,0.08273,0.09218,0.10372,0.02877,0.1724,0.10116,"Hispanic"
41620,"Salt Lake City, UT",95253,0,18206,19239,3275,26575,13400,0,0.19113,0.20198,0.03438,0.27899,0.14068,"Hispanic"
41700,"San Antonio-New Braunfels, TX",584708,98188,78412,71657,38679,144236,99683,0.16793,0.1341,0.12255,0.06615,0.24668,0.17048,"Hispanic"
41740,"San Diego-Carlsbad, CA",502554,26813,73910,68403,29237,120562,61092,0.05335,0.14707,0.13611,0.05818,0.2399,0.12156,"Hispanic"
41860,"San Francisco-Oakland-Hayward, CA",504918,18999,67329,41133,14719,95822,38559,0.03763,0.13335,0.08146,0.02915,0.18978,0.07637,"Hispanic"
41940,"San Jose-Sunnyvale-Santa Clara, CA",244898,0,25255,12998,6527,34198,10301,0,0.10312,0.05308,0.02665,0.13964,0.04206,"Hispanic"
42540,"Scranton--Wilkes-Barre--Hazleton, PA",17252,0,4265,4304,1545,6184,3930,0,0.24722,0.24948,0.08955,0.35845,0.2278,"Hispanic"
42660,"Seattle-Tacoma-Bellevue, WA",162980,4336,22694,21878,7096,35321,18284,0.0266,0.13924,0.13424,0.04354,0.21672,0.11219,"Hispanic"
44060,"Spokane-Spokane Valley, WA",14829,1059,1523,1513,2439,4453,1699,0.07141,0.1027,0.10203,0.16448,0.30029,0.11457,"Hispanic"
44140,"Springfield, MA",51109,17762,18038,1140,15614,25990,19352,0.34753,0.35293,0.02231,0.3055,0.50852,0.37864,"Hispanic"
44700,"Stockton-Lodi, CA",127377,19304,27905,18695,11046,40496,25857,0.15155,0.21907,0.14677,0.08672,0.31792,0.203,"Hispanic"
45060,"Syracuse, NY",9562,2664,1722,NA,2515,3401,2761,0.2786,0.18009,NA,0.26302,0.35568,0.28875,"Hispanic"
45300,"Tampa-St. Petersburg-Clearwater, FL",249835,9208,31983,40563,17419,61298,31209,0.03686,0.12802,0.16236,0.06972,0.24535,0.12492,"Hispanic"
45780,"Toledo, OH",15495,2675,1699,1677,1537,4182,2409,0.17264,0.10965,0.10823,0.09919,0.26989,0.15547,"Hispanic"
46060,"Tucson, AZ",156175,24447,22933,18518,8427,40222,24068,0.15654,0.14684,0.11857,0.05396,0.25754,0.15411,"Hispanic"
46140,"Tulsa, OK",37028,4297,7522,7729,1353,10487,7710,0.11605,0.20314,0.20873,0.03654,0.28322,0.20822,"Hispanic"
46520,"Urban Honolulu, HI",37576,0,995,1022,1460,2671,649,0,0.02648,0.0272,0.03885,0.07108,0.01727,"Hispanic"
47260,"Virginia Beach-Norfolk-Newport News, VA-NC",46632,3487,4359,6627,4689,10928,6250,0.07478,0.09348,0.14211,0.10055,0.23435,0.13403,"Hispanic"
47900,"Washington-Arlington-Alexandria, DC-VA-MD-WV",473476,NA,49860,54634,7415,72973,37331,NA,0.10531,0.11539,0.01566,0.15412,0.07884,"Hispanic"
48620,"Wichita, KS",31962,4585,5967,5361,2161,8296,6236,0.14345,0.18669,0.16773,0.06761,0.25956,0.19511,"Hispanic"
49180,"Winston-Salem, NC",27389,4818,10953,10988,997,14308,10541,0.17591,0.39991,0.40118,0.0364,0.5224,0.38486,"Hispanic"
49340,"Worcester, MA-CT",43567,9174,6465,825,5392,13993,5803,0.21057,0.14839,0.01894,0.12376,0.32118,0.1332,"Hispanic"
49660,"Youngstown-Warren-Boardman, OH-PA",6155,NA,507,NA,NA,727,508,NA,0.08237,NA,NA,0.11812,0.08253,"Hispanic"
