"CBSA","Metro","AdultPop","LowInc","ConcPov","LimitEd","NoInsure","NonWorking","LowIncSh","ConcPovSh","LimitEdSh","NoInsureSh","NonWorkingSh","Race"
88888,"100 Metro Total",104762430,20208223,18489464,15298195,"16607188","10206686",0.1929,0.17649,0.14603,"0.15852","0.09743","All"
10420,"Akron, OH",335863,64930,102753,33085,"33180","39261",0.19332,0.30594,0.09851,"0.09879","0.1169","All"
10580,"Albany-Schenectady-Troy, NY",405965,60538,48702,42598,"31271","42891",0.14912,0.11997,0.10493,"0.07703","0.10565","All"
10740,"Albuquerque, NM",425867,114587,201512,67099,"76489","59892",0.26907,0.47318,0.15756,"0.17961","0.14064","All"
10900,"Allentown-Bethlehem-Easton, PA-NJ",397908,63365,53331,45677,"48016","35850",0.15925,0.13403,0.11479,"0.12067","0.0901","All"
12060,"Atlanta-Sandy Springs-Roswell, GA",2839743,572256,305925,397322,"586107","284430",0.20152,0.10773,0.13991,"0.20639","0.10016","All"
12260,"Augusta-Richmond County, GA-SC",245565,57250,91658,38761,"43952","41974",0.23314,0.37325,0.15784,"0.17898","0.17093","All"
12420,"Austin-Round Rock, TX",1040018,192191,224407,141910,"193828","78474",0.1848,0.21577,0.13645,"0.18637","0.07545","All"
12540,"Bakersfield, CA",383502,121866,199385,105457,"77768","52692",0.31777,0.51991,0.27498,"0.20278","0.1374","All"
12580,"Baltimore-Columbia-Towson, MD",1372907,197161,257213,155273,"117305","129998",0.14361,0.18735,0.1131,"0.08544","0.09469","All"
12940,"Baton Rouge, LA",391004,78013,0,58200,"75752","37101",0.19952,0,0.14885,"0.19374","0.09489","All"
13820,"Birmingham-Hoover, AL",550327,127703,224927,83199,"87521","84500",0.23205,0.40872,0.15118,"0.15903","0.15355","All"
14260,"Boise City, ID",323045,69859,0,48979,"55965","35414",0.21625,0,0.15162,"0.17324","0.10963","All"
14460,"Boston-Cambridge-Newton, MA-NH",2425507,334437,171597,229721,"128158","208198",0.13788,0.07075,0.09471,"0.05284","0.08584","All"
14860,"Bridgeport-Stamford-Norwalk, CT",468813,61792,73472,50587,"65773","39106",0.13181,0.15672,0.1079,"0.1403","0.08341","All"
15380,"Buffalo-Cheektowaga-Niagara Falls, NY",546060,103052,120312,59960,"40522","67810",0.18872,0.22033,0.1098,"0.07421","0.12418","All"
15980,"Cape Coral-Fort Myers, FL",287101,71504,0,53874,"74693","42158",0.24906,0,0.18765,"0.26016","0.14684","All"
16700,"Charleston-North Charleston, SC",360346,69243,0,47941,"67330","33838",0.19216,0,0.13304,"0.18685","0.0939","All"
16740,"Charlotte-Concord-Gastonia, NC-SC",1222863,248879,132705,179205,"225978","127359",0.20352,0.10852,0.14655,"0.18479","0.10415","All"
16860,"Chattanooga, TN-GA",253835,56073,55972,44868,"43874","31338",0.2209,0.22051,0.17676,"0.17284","0.12346","All"
16980,"Chicago-Naperville-Elgin, IL-IN-WI",4799176,869288,821419,657250,"722288","442458",0.18113,0.17116,0.13695,"0.1505","0.09219","All"
17140,"Cincinnati, OH-KY-IN",1021914,176009,161009,116167,"113399","108952",0.17223,0.15756,0.11368,"0.11097","0.10662","All"
17460,"Cleveland-Elyria, OH",996241,209450,248384,119371,"104477","122889",0.21024,0.24932,0.11982,"0.10487","0.12335","All"
17820,"Colorado Springs, CO",317365,54631,50413,34524,"38662","35419",0.17214,0.15885,0.10878,"0.12182","0.1116","All"
17900,"Columbia, SC",375782,83214,0,51048,"69345","44620",0.22144,0,0.13584,"0.18454","0.11874","All"
18140,"Columbus, OH",954597,170675,227871,102508,"118016","90414",0.17879,0.23871,0.10738,"0.12363","0.09471","All"
19100,"Dallas-Fort Worth-Arlington, TX",3457463,672530,555262,648550,"793272","259735",0.19452,0.1606,0.18758,"0.22944","0.07512","All"
19380,"Dayton, OH",376061,87710,77453,47465,"46192","55030",0.23323,0.20596,0.12622,"0.12283","0.14633","All"
19660,"Deltona-Daytona Beach-Ormond Beach, FL",270565,73186,52394,41134,"71978","45581",0.27049,0.19365,0.15203,"0.26603","0.16847","All"
19740,"Denver-Aurora-Lakewood, CO",1486398,215425,65150,200906,"202829","112370",0.14493,0.04383,0.13516,"0.13646","0.0756","All"
19780,"Des Moines-West Des Moines, IA",329432,49964,0,30112,"22708","19527",0.15167,0,0.09141,"0.06893","0.05927","All"
19820,"Detroit-Warren-Dearborn, MI",2084036,431849,358086,264118,"252867","283575",0.20722,0.17182,0.12673,"0.12134","0.13607","All"
21340,"El Paso, TX",364463,119373,224360,91079,"116844","51572",0.32753,0.61559,0.2499,"0.32059","0.1415","All"
23420,"Fresno, CA",434759,153911,296026,121417,"91042","60693",0.35401,0.6809,0.27927,"0.20941","0.1396","All"
24340,"Grand Rapids-Wyoming, MI",436607,79334,94220,53908,"50080","38561",0.18171,0.2158,0.12347,"0.1147","0.08832","All"
24660,"Greensboro-High Point, NC",384381,92374,50793,60714,"69847","41869",0.24032,0.13214,0.15795,"0.18171","0.10893","All"
24860,"Greenville-Anderson-Mauldin, SC",442925,110896,0,78272,"84064","58307",0.25037,0,0.17672,"0.18979","0.13164","All"
25420,"Harrisburg-Carlisle, PA",274367,46222,0,36676,"29635","26829",0.16847,0,0.13367,"0.10801","0.09779","All"
25540,"Hartford-West Hartford-East Hartford, CT",586986,79615,56875,60939,"45032","50081",0.13563,0.09689,0.10382,"0.07672","0.08532","All"
26420,"Houston-The Woodlands-Sugar Land, TX",3229126,655428,633494,664877,"816068","246984",0.20297,0.19618,0.2059,"0.25272","0.07649","All"
26900,"Indianapolis-Carmel-Anderson, IN",975216,184294,148998,135781,"157464","102731",0.18898,0.15278,0.13923,"0.16147","0.10534","All"
27140,"Jackson, MS",297648,67815,58182,41635,"47613","32902",0.22784,0.19547,0.13988,"0.15996","0.11054","All"
27260,"Jacksonville, FL",685551,147954,135628,92436,"120645","88353",0.21582,0.19784,0.13483,"0.17598","0.12888","All"
28140,"Kansas City, MO-KS",1048660,176329,161407,117349,"148005","102843",0.16815,0.15392,0.1119,"0.14114","0.09807","All"
28940,"Knoxville, TN",439740,110507,135745,76510,"70724","63386",0.2513,0.30869,0.17399,"0.16083","0.14414","All"
29460,"Lakeland-Winter Haven, FL",281848,74669,0,53483,"67912","42077",0.26493,0,0.18976,"0.24095","0.14929","All"
29820,"Las Vegas-Henderson-Paradise, NV",1031834,221151,283627,196550,"228937","112666",0.21433,0.27488,0.19049,"0.22187","0.10919","All"
30780,"Little Rock-North Little Rock-Conway, AR",335645,69761,0,37532,"48519","46103",0.20784,0,0.11182,"0.14455","0.13736","All"
31080,"Los Angeles-Long Beach-Anaheim, CA",6727814,1589164,1560309,1427409,"1382697","568144",0.23621,0.23192,0.21217,"0.20552","0.08445","All"
31140,"Louisville/Jefferson County, KY-IN",612045,120801,60824,90204,"70986","73264",0.19737,0.09938,0.14738,"0.11598","0.1197","All"
31540,"Madison, WI",254280,34758,54641,16866,"19870","16473",0.13669,0.21489,0.06633,"0.07814","0.06478","All"
32580,"McAllen-Edinburg-Mission, TX",349556,144003,349556,129625,"169960","39988",0.41196,1,0.37083,"0.48622","0.1144","All"
32820,"Memphis, TN-MS-AR",599531,157308,284972,89801,"116440","78313",0.26239,0.47532,0.14979,"0.19422","0.13062","All"
33100,"Miami-Fort Lauderdale-West Palm Beach, FL",2914803,714939,1033384,432854,"783502","277097",0.24528,0.35453,0.1485,"0.2688","0.09507","All"
33340,"Milwaukee-Waukesha-West Allis, WI",774123,148093,147814,86766,"79538","82786",0.1913,0.19094,0.11208,"0.10275","0.10694","All"
33460,"Minneapolis-St. Paul-Bloomington, MN-WI",1811401,242348,140169,163112,"144931","117717",0.13379,0.07738,0.09005,"0.08001","0.06499","All"
34980,"Nashville-Davidson--Murfreesboro--Franklin, TN",978431,190050,120694,146290,"158762","92386",0.19424,0.12335,0.14951,"0.16226","0.09442","All"
35300,"New Haven-Milford, CT",420934,63006,115063,50128,"42290","48055",0.14968,0.27335,0.11909,"0.10047","0.11416","All"
35380,"New Orleans-Metairie, LA",629922,139650,205271,95730,"126436","81235",0.22169,0.32587,0.15197,"0.20072","0.12896","All"
35620,"New York-Newark-Jersey City, NY-NJ-PA",10165176,1866174,2230906,1504685,"1510087","906880",0.18359,0.21947,0.14802,"0.14855","0.08921","All"
35840,"North Port-Sarasota-Bradenton, FL",308406,59438,0,43103,"71989","42011",0.19273,0,0.13976,"0.23342","0.13622","All"
36260,"Ogden-Clearfield, UT",258772,36574,0,24271,"32510","15913",0.14134,0,0.09379,"0.12563","0.06149","All"
36420,"Oklahoma City, OK",668463,132936,110056,104606,"126938","63283",0.19887,0.16464,0.15649,"0.1899","0.09467","All"
36540,"Omaha-Council Bluffs, NE-IA",484541,77269,107597,62268,"56165","38718",0.15947,0.22206,0.12851,"0.11591","0.07991","All"
36740,"Orlando-Kissimmee-Sanford, FL",1139342,263575,188434,144684,"262286","117676",0.23134,0.16539,0.12699,"0.23021","0.10328","All"
37100,"Oxnard-Thousand Oaks-Ventura, CA",411804,71012,0,77653,"66686","32260",0.17244,0,0.18857,"0.16194","0.07834","All"
37340,"Palm Bay-Melbourne-Titusville, FL",256820,53192,0,27618,"51444","36736",0.20712,0,0.10754,"0.20031","0.14304","All"
37980,"Philadelphia-Camden-Wilmington, PA-NJ-DE-MD",3007715,505115,536081,335716,"364085","320279",0.16794,0.17824,0.11162,"0.12105","0.10649","All"
38060,"Phoenix-Mesa-Scottsdale, AZ",2112419,468626,538152,355379,"373295","227261",0.22184,0.25476,0.16823,"0.17671","0.10758","All"
38300,"Pittsburgh, PA",1130505,185180,149984,89022,"105519","124472",0.1638,0.13267,0.07875,"0.09334","0.1101","All"
38900,"Portland-Vancouver-Hillsboro, OR-WA",1210892,218787,64965,150885,"162367","102009",0.18068,0.05365,0.12461,"0.13409","0.08424","All"
39300,"Providence-Warwick, RI-MA",790902,137112,191779,130680,"65680","83936",0.17336,0.24248,0.16523,"0.08304","0.10613","All"
39340,"Provo-Orem, UT",219741,37640,38161,17493,"32783","12517",0.17129,0.17366,0.07961,"0.14919","0.05696","All"
39580,"Raleigh, NC",666893,118351,127408,73135,"102910","51659",0.17747,0.19105,0.10967,"0.15431","0.07746","All"
40060,"Richmond, VA",606340,99107,0,82440,"82510","54632",0.16345,0,0.13596,"0.13608","0.0901","All"
40140,"Riverside-San Bernardino-Ontario, CA",2056849,516176,497178,473592,"421574","237093",0.25095,0.24172,0.23025,"0.20496","0.11527","All"
40380,"Rochester, NY",524710,92924,101503,65726,"37819","58173",0.1771,0.19345,0.12526,"0.07208","0.11087","All"
40900,"Sacramento--Roseville--Arden-Arcade, CA",1073680,237509,281234,141158,"140357","129762",0.22121,0.26193,0.13147,"0.13073","0.12086","All"
41180,"St. Louis, MO-IL",1384298,247625,223139,161190,"174173","158081",0.17888,0.16119,0.11644,"0.12582","0.1142","All"
41620,"Salt Lake City, UT",585002,92747,0,80541,"95128","34615",0.15854,0,0.13768,"0.16261","0.05917","All"
41700,"San Antonio-New Braunfels, TX",1078184,239450,327410,203466,"221693","111691",0.22209,0.30367,0.18871,"0.20562","0.10359","All"
41740,"San Diego-Carlsbad, CA",1603306,302152,166200,230887,"263121","157317",0.18846,0.10366,0.14401,"0.16411","0.09812","All"
41860,"San Francisco-Oakland-Hayward, CA",2434545,346463,224527,302994,"253227","186245",0.14231,0.09223,0.12446,"0.10401","0.0765","All"
41940,"San Jose-Sunnyvale-Santa Clara, CA",996170,111477,0,126283,"85759","54807",0.11191,0,0.12677,"0.08609","0.05502","All"
42540,"Scranton--Wilkes-Barre--Hazleton, PA",232080,52805,0,24799,"26584","33836",0.22753,0,0.10686,"0.11455","0.14579","All"
42660,"Seattle-Tacoma-Bellevue, WA",1920960,281116,125013,204151,"199757","157996",0.14634,0.06508,0.10628,"0.10399","0.08225","All"
44060,"Spokane-Spokane Valley, WA",275303,67309,58284,33522,"34344","40195",0.24449,0.21171,0.12176,"0.12475","0.146","All"
44140,"Springfield, MA",275707,59857,70864,46123,"11544","37948",0.2171,0.25703,0.16729,"0.04187","0.13764","All"
44700,"Stockton-Lodi, CA",331265,91239,70524,83838,"55511","44066",0.27543,0.21289,0.25308,"0.16757","0.13302","All"
45060,"Syracuse, NY",315440,62805,60428,41184,"26638","39183",0.1991,0.19157,0.13056,"0.08445","0.12422","All"
45300,"Tampa-St. Petersburg-Clearwater, FL",1404634,329457,72265,202450,"291342","180015",0.23455,0.05145,0.14413,"0.20741","0.12816","All"
45780,"Toledo, OH",305232,71326,66388,36158,"27697","43652",0.23368,0.2175,0.11846,"0.09074","0.14301","All"
46060,"Tucson, AZ",434782,109455,89454,69740,"75142","50484",0.25175,0.20574,0.1604,"0.17283","0.11611","All"
46140,"Tulsa, OK",394275,76358,56303,57615,"77556","35729",0.19367,0.1428,0.14613,"0.19671","0.09062","All"
46520,"Urban Honolulu, HI",447714,54532,0,33133,"24003","35255",0.1218,0,0.074,"0.05361","0.07874","All"
47260,"Virginia Beach-Norfolk-Newport News, VA-NC",770355,133574,151592,97119,"120678","88059",0.17339,0.19678,0.12607,"0.15665","0.11431","All"
47900,"Washington-Arlington-Alexandria, DC-VA-MD-WV",3106783,347397,71920,331879,"399348","186829",0.11182,0.02315,0.10682,"0.12854","0.06014","All"
48620,"Wichita, KS",289588,61319,57365,41124,"52059","29501",0.21175,0.19809,0.14201,"0.17977","0.10187","All"
49180,"Winston-Salem, NC",304421,74269,60817,54643,"55805","35618",0.24397,0.19978,0.1795,"0.18332","0.117","All"
49340,"Worcester, MA-CT",458139,67409,89498,55067,"20331","40271",0.14714,0.19535,0.1202,"0.04438","0.0879","All"
49660,"Youngstown-Warren-Boardman, OH-PA",252412,59002,50671,31363,"31386","35754",0.23375,0.20075,0.12425,"0.12434","0.14165","All"
88888,"100 Metro Total",59282224,7533645,5635263,4836847,"5930091","5342734",0.12708,0.09506,0.08159,"0.10003","0.09012","White"
10420,"Akron, OH",278991,43570,67357,24080,"24163","26071",0.15617,0.24143,0.08631,"0.08661","0.09345","White"
10580,"Albany-Schenectady-Troy, NY",334431,38326,26530,30091,"21475","30491",0.1146,0.07933,0.08998,"0.06421","0.09117","White"
10740,"Albuquerque, NM",179325,34358,65654,11634,"18896","23401",0.1916,0.36612,0.06488,"0.10537","0.13049","White"
10900,"Allentown-Bethlehem-Easton, PA-NJ",307774,34561,19351,23491,"29883","21847",0.11229,0.06287,0.07633,"0.09709","0.07098","White"
12060,"Atlanta-Sandy Springs-Roswell, GA",1406029,183170,98565,149771,"178966","125312",0.13027,0.0701,0.10652,"0.12728","0.08912","White"
12260,"Augusta-Richmond County, GA-SC",139800,23321,33957,17414,"22093","21191",0.16682,0.2429,0.12456,"0.15803","0.15158","White"
12420,"Austin-Round Rock, TX",582119,71498,101174,32274,"71458","44282",0.12282,0.1738,0.05544,"0.12275","0.07607","White"
12540,"Bakersfield, CA",150516,35156,53866,16201,"16197","24943",0.23357,0.35788,0.10764,"0.10761","0.16572","White"
12580,"Baltimore-Columbia-Towson, MD",800431,72399,88150,65656,"49145","55189",0.09045,0.11013,0.08203,"0.0614","0.06895","White"
12940,"Baton Rouge, LA",229326,31843,0,31839,"35088","18154",0.13885,0,0.13884,"0.153","0.07916","White"
13820,"Birmingham-Hoover, AL",357074,57105,130128,46319,"42245","46906",0.15992,0.36443,0.12972,"0.11831","0.13136","White"
14260,"Boise City, ID",268791,50483,0,29938,"34074","31649",0.18782,0,0.11138,"0.12677","0.11775","White"
14460,"Boston-Cambridge-Newton, MA-NH",1775763,164922,65759,98552,"79334","132348",0.09287,0.03703,0.0555,"0.04468","0.07453","White"
14860,"Bridgeport-Stamford-Norwalk, CT",292733,22321,14840,13780,"20050","22814",0.07625,0.05069,0.04707,"0.06849","0.07793","White"
15380,"Buffalo-Cheektowaga-Niagara Falls, NY",440590,59781,60408,38802,"30164","42170",0.13568,0.13711,0.08807,"0.06846","0.09571","White"
15980,"Cape Coral-Fort Myers, FL",190819,37676,0,22109,"38646","30894",0.19744,0,0.11586,"0.20253","0.1619","White"
16700,"Charleston-North Charleston, SC",239782,28765,0,24127,"35582","18918",0.11996,0,0.10062,"0.14839","0.0789","White"
16740,"Charlotte-Concord-Gastonia, NC-SC",774225,112611,58804,83270,"101905","73673",0.14545,0.07595,0.10755,"0.13162","0.09516","White"
16860,"Chattanooga, TN-GA",201629,38361,28068,32856,"31007","23570",0.19026,0.13921,0.16295,"0.15378","0.1169","White"
16980,"Chicago-Naperville-Elgin, IL-IN-WI",2655570,264671,123104,153382,"223570","188176",0.09967,0.04636,0.05776,"0.08419","0.07086","White"
17140,"Cincinnati, OH-KY-IN",831516,116121,94667,86284,"80949","75616",0.13965,0.11385,0.10377,"0.09735","0.09094","White"
17460,"Cleveland-Elyria, OH",722707,97428,111412,62444,"63981","63227",0.13481,0.15416,0.0864,"0.08853","0.08749","White"
17820,"Colorado Springs, CO",232854,31247,27417,19281,"22481","26105",0.13419,0.11774,0.0828,"0.09655","0.11211","White"
17900,"Columbia, SC",219192,33442,0,23503,"32605","20750",0.15257,0,0.10723,"0.14875","0.09467","White"
18140,"Columbus, OH",725080,100337,130815,63873,"70762","60068",0.13838,0.18041,0.08809,"0.09759","0.08284","White"
19100,"Dallas-Fort Worth-Arlington, TX",1709310,181201,124910,139713,"219352","121235",0.10601,0.07308,0.08174,"0.12833","0.07093","White"
19380,"Dayton, OH",293321,54771,43113,34827,"32917","38622",0.18673,0.14698,0.11873,"0.11222","0.13167","White"
19660,"Deltona-Daytona Beach-Ormond Beach, FL",202494,48076,35938,27660,"47208","33487",0.23742,0.17748,0.1366,"0.23313","0.16537","White"
19740,"Denver-Aurora-Lakewood, CO",1014294,96289,41712,63792,"86209","67873",0.09493,0.04112,0.06289,"0.08499","0.06692","White"
19780,"Des Moines-West Des Moines, IA",283298,35322,0,18581,"15035","15875",0.12468,0,0.06559,"0.05307","0.05604","White"
19820,"Detroit-Warren-Dearborn, MI",1421705,207777,59174,142454,"145201","149779",0.14615,0.04162,0.1002,"0.10213","0.10535","White"
21340,"El Paso, TX",44665,8117,21630,2650,"5369","8638",0.18173,0.48427,0.05933,"0.12021","0.1934","White"
23420,"Fresno, CA",141790,26453,70856,12856,"19201","19391",0.18656,0.49972,0.09067,"0.13542","0.13676","White"
24340,"Grand Rapids-Wyoming, MI",351294,48423,59211,27583,"33648","23548",0.13784,0.16855,0.07852,"0.09578","0.06703","White"
24660,"Greensboro-High Point, NC",240537,38724,15092,29128,"31144","22664",0.16099,0.06274,0.1211,"0.12948","0.09422","White"
24860,"Greenville-Anderson-Mauldin, SC",329247,67278,0,50521,"51940","43831",0.20434,0,0.15344,"0.15775","0.13312","White"
25420,"Harrisburg-Carlisle, PA",218164,26069,0,22120,"18082","17163",0.11949,0,0.10139,"0.08288","0.07867","White"
25540,"Hartford-West Hartford-East Hartford, CT",407643,33608,8998,24191,"23473","27734",0.08244,0.02207,0.05934,"0.05758","0.06804","White"
26420,"Houston-The Woodlands-Sugar Land, TX",1255390,124791,104825,97765,"145370","100976",0.0994,0.0835,0.07788,"0.1158","0.08043","White"
26900,"Indianapolis-Carmel-Anderson, IN",737714,104539,80084,82015,"96769","70194",0.14171,0.10856,0.11117,"0.13117","0.09515","White"
27140,"Jackson, MS",142443,19145,14357,14369,"14798","14263",0.1344,0.10079,0.10088,"0.10389","0.10013","White"
27260,"Jacksonville, FL",445332,78028,58098,56052,"72133","54869",0.17521,0.13046,0.12587,"0.16198","0.12321","White"
28140,"Kansas City, MO-KS",787534,100069,74264,63722,"74870","70608",0.12707,0.0943,0.08091,"0.09507","0.08966","White"
28940,"Knoxville, TN",391912,89643,111400,61830,"57792","55811",0.22873,0.28425,0.15777,"0.14746","0.14241","White"
29460,"Lakeland-Winter Haven, FL",173388,36260,0,26455,"33733","26328",0.20913,0,0.15258,"0.19455","0.15184","White"
29820,"Las Vegas-Henderson-Paradise, NV",480563,74744,89628,52851,"72600","58151",0.15553,0.18651,0.10998,"0.15107","0.12101","White"
30780,"Little Rock-North Little Rock-Conway, AR",228631,34140,0,22465,"29208","28673",0.14932,0,0.09826,"0.12775","0.12541","White"
31080,"Los Angeles-Long Beach-Anaheim, CA",2107303,282052,186699,100854,"218187","213315",0.13385,0.0886,0.04786,"0.10354","0.10123","White"
31140,"Louisville/Jefferson County, KY-IN",484963,79009,20137,66091,"49781","51689",0.16292,0.04152,0.13628,"0.10265","0.10658","White"
31540,"Madison, WI",212327,22050,42897,8100,"11614","12464",0.10385,0.20203,0.03815,"0.0547","0.0587","White"
32580,"McAllen-Edinburg-Mission, TX",20385,4573,20385,2003,"5165","3162",0.22433,1,0.09826,"0.25337","0.15511","White"
32820,"Memphis, TN-MS-AR",278207,36778,76255,33005,"35226","24776",0.1322,0.27409,0.11863,"0.12662","0.08906","White"
33100,"Miami-Fort Lauderdale-West Palm Beach, FL",871074,127385,147272,74308,"137111","94662",0.14624,0.16907,0.08531,"0.1574","0.10867","White"
33340,"Milwaukee-Waukesha-West Allis, WI",548026,57619,40020,32334,"34106","41970",0.10514,0.07303,0.059,"0.06223","0.07658","White"
33460,"Minneapolis-St. Paul-Bloomington, MN-WI",1432658,121102,72269,78444,"75614","76430",0.08453,0.05044,0.05475,"0.05278","0.05335","White"
34980,"Nashville-Davidson--Murfreesboro--Franklin, TN",738731,113946,58239,91100,"91075","65078",0.15425,0.07884,0.12332,"0.12329","0.08809","White"
35300,"New Haven-Milford, CT",275193,25160,40233,21713,"20850","25672",0.09143,0.1462,0.0789,"0.07577","0.09329","White"
35380,"New Orleans-Metairie, LA",340357,44585,66059,39230,"47485","30997",0.13099,0.19409,0.11526,"0.13952","0.09107","White"
35620,"New York-Newark-Jersey City, NY-NJ-PA",4747147,454650,468435,277739,"376911","365693",0.09577,0.09868,0.05851,"0.0794","0.07703","White"
35840,"North Port-Sarasota-Bradenton, FL",236057,35431,0,24975,"45960","33150",0.1501,0,0.1058,"0.1947","0.14043","White"
36260,"Ogden-Clearfield, UT",214293,26545,0,12830,"18348","13801",0.12387,0,0.05987,"0.08562","0.0644","White"
36420,"Oklahoma City, OK",458786,72366,50668,51413,"61091","42947",0.15773,0.11044,0.11206,"0.13316","0.09361","White"
36540,"Omaha-Council Bluffs, NE-IA",394005,47339,60237,32154,"31947","27813",0.12015,0.15288,0.08161,"0.08108","0.07059","White"
36740,"Orlando-Kissimmee-Sanford, FL",575142,93031,67228,51643,"103425","54514",0.16175,0.11689,0.08979,"0.17983","0.09478","White"
37100,"Oxnard-Thousand Oaks-Ventura, CA",194843,17307,0,9982,"17714","18011",0.08883,0,0.05123,"0.09091","0.09244","White"
37340,"Palm Bay-Melbourne-Titusville, FL",197265,33131,0,20051,"37013","28736",0.16795,0,0.10164,"0.18763","0.14567","White"
37980,"Philadelphia-Camden-Wilmington, PA-NJ-DE-MD",1938287,194643,123641,123264,"156293","150694",0.10042,0.06379,0.06359,"0.08063","0.07775","White"
38060,"Phoenix-Mesa-Scottsdale, AZ",1238072,181047,198313,93523,"135041","129532",0.14623,0.16018,0.07554,"0.10907","0.10462","White"
38300,"Pittsburgh, PA",986344,136985,112493,68158,"84997","93270",0.13888,0.11405,0.0691,"0.08617","0.09456","White"
38900,"Portland-Vancouver-Hillsboro, OR-WA",921749,134159,40071,82112,"99021","77876",0.14555,0.04347,0.08908,"0.10743","0.08449","White"
39300,"Providence-Warwick, RI-MA",625602,83756,111463,82205,"37240","60273",0.13388,0.17817,0.1314,"0.05953","0.09634","White"
39340,"Provo-Orem, UT",183721,27700,29867,9515,"19244","11228",0.15077,0.16257,0.05179,"0.10475","0.06111","White"
39580,"Raleigh, NC",418608,46996,68212,23904,"39126","26857",0.11227,0.16295,0.0571,"0.09347","0.06416","White"
40060,"Richmond, VA",357955,34891,0,33673,"29212","24689",0.09747,0,0.09407,"0.08161","0.06897","White"
40140,"Riverside-San Bernardino-Ontario, CA",716625,130067,142162,75524,"95398","104577",0.1815,0.19838,0.10539,"0.13312","0.14593","White"
40380,"Rochester, NY",417344,53997,41097,38827,"27637","36067",0.12938,0.09847,0.09303,"0.06622","0.08642","White"
40900,"Sacramento--Roseville--Arden-Arcade, CA",595105,102397,123978,45349,"58477","73525",0.17207,0.20833,0.0762,"0.09826","0.12355","White"
41180,"St. Louis, MO-IL",1052441,147464,111034,109173,"102424","96534",0.14012,0.1055,0.10373,"0.09732","0.09172","White"
41620,"Salt Lake City, UT",440609,50623,0,34170,"48247","27524",0.11489,0,0.07755,"0.1095","0.06247","White"
41700,"San Antonio-New Braunfels, TX",373373,47265,44635,24950,"47049","40299",0.12659,0.11955,0.06682,"0.12601","0.10793","White"
41740,"San Diego-Carlsbad, CA",762130,100066,36345,39018,"72057","84684",0.1313,0.04769,0.0512,"0.09455","0.11111","White"
41860,"San Francisco-Oakland-Hayward, CA",1017252,85877,75575,41398,"63354","78937",0.08442,0.07429,0.0407,"0.06228","0.0776","White"
41940,"San Jose-Sunnyvale-Santa Clara, CA",329587,25585,0,12654,"22171","23735",0.07763,0,0.03839,"0.06727","0.07201","White"
42540,"Scranton--Wilkes-Barre--Hazleton, PA",201619,38695,0,15199,"17253","28514",0.19192,0,0.07538,"0.08557","0.14143","White"
42660,"Seattle-Tacoma-Bellevue, WA",1297101,150056,82926,97665,"104218","106275",0.11569,0.06393,0.07529,"0.08035","0.08193","White"
44060,"Spokane-Spokane Valley, WA",238364,53314,50254,25401,"28183","33464",0.22367,0.21083,0.10656,"0.11824","0.14039","White"
44140,"Springfield, MA",195528,23425,25912,16923,"6835","17907",0.1198,0.13252,0.08655,"0.03496","0.09158","White"
44700,"Stockton-Lodi, CA",118463,21276,13388,16768,"11023","15635",0.1796,0.11301,0.14155,"0.09305","0.13198","White"
45060,"Syracuse, NY",270421,43493,31063,29757,"22751","27782",0.16083,0.11487,0.11004,"0.08413","0.10274","White"
45300,"Tampa-St. Petersburg-Clearwater, FL",913141,176671,23102,107865,"162487","119428",0.19348,0.0253,0.11813,"0.17794","0.13079","White"
45780,"Toledo, OH",240152,44323,35419,22442,"18978","27979",0.18456,0.14749,0.09345,"0.07902","0.11651","White"
46060,"Tucson, AZ",234232,43298,27500,18595,"27428","31063",0.18485,0.1174,0.07939,"0.1171","0.13262","White"
46140,"Tulsa, OK",269231,39310,30149,26635,"40118","20820",0.14601,0.11198,0.09893,"0.14901","0.07733","White"
46520,"Urban Honolulu, HI",83894,10008,0,2480,"4064","11660",0.11929,0,0.02956,"0.04844","0.13898","White"
47260,"Virginia Beach-Norfolk-Newport News, VA-NC",425338,51504,65700,43685,"48066","40359",0.12109,0.15447,0.10271,"0.11301","0.09489","White"
47900,"Washington-Arlington-Alexandria, DC-VA-MD-WV",1443331,84225,1523,62539,"83507","78931",0.05835,0.00106,0.04333,"0.05786","0.05469","White"
48620,"Wichita, KS",212766,35920,35249,21951,"29883","18420",0.16882,0.16567,0.10317,"0.14045","0.08657","White"
49180,"Winston-Salem, NC",212448,38784,31725,30153,"27979","24697",0.18256,0.14933,0.14193,"0.1317","0.11625","White"
49340,"Worcester, MA-CT",369582,41132,50640,34019,"14907","29150",0.11129,0.13702,0.09205,"0.04033","0.07887","White"
49660,"Youngstown-Warren-Boardman, OH-PA",217311,43694,41478,24813,"26029","27991",0.20107,0.19087,0.11418,"0.11978","0.12881","White"
88888,"100 Metro Total",14213207,4232446,5059213,2062977,"2495672.00000","2405257.00000",0.29778,0.35595,0.14515,"0.17559","0.16923","Black"
10420,"Akron, OH",37997,15763,28379,5405,"6401.00000","11088.00000",0.41485,0.74687,0.14225,"0.16846","0.29181","Black"
10580,"Albany-Schenectady-Troy, NY",28530,9266,13725,4846,"4237.00000","5941.00000",0.32478,0.48107,0.16986,"0.14851","0.20824","Black"
10740,"Albuquerque, NM",9648,3484,5029,699,"1241.00000","1575.00000",0.36111,0.52125,0.07245,"0.12863","0.16325","Black"
10900,"Allentown-Bethlehem-Easton, PA-NJ",17085,5054,6448,2723,"1997.00000","2162.00000",0.29582,0.37741,0.15938,"0.11689","0.12654","Black"
12060,"Atlanta-Sandy Springs-Roswell, GA",938653,248604,178736,108532,"206697.00000","132816.00000",0.26485,0.19042,0.11563,"0.22021","0.14150","Black"
12260,"Augusta-Richmond County, GA-SC",84805,29628,51428,17465,"16535.00000","17657.00000",0.34937,0.60643,0.20594,"0.19498","0.20821","Black"
12420,"Austin-Round Rock, TX",70651,12505,19714,6000,"11773.00000","8457.00000",0.177,0.27903,0.08492,"0.16664","0.11970","Black"
12540,"Bakersfield, CA",14253,5085,5565,2303,"1355.00000","3614.00000",0.35677,0.39044,0.16158,"0.09507","0.25356","Black"
12580,"Baltimore-Columbia-Towson, MD",392662,94384,141500,56941,"38303.00000","66335.00000",0.24037,0.36036,0.14501,"0.09755","0.16894","Black"
12940,"Baton Rouge, LA",136696,39632,0,21742,"32680.00000","17463.00000",0.28993,0,0.15905,"0.23907","0.12775","Black"
13820,"Birmingham-Hoover, AL",155744,53529,81944,24983,"29355.00000","34048.00000",0.3437,0.52615,0.16041,"0.18848","0.21862","Black"
14260,"Boise City, ID",1353,NA,0,NA,NA,"N ",NA,0,NA,"N ","N  ","Black"
14460,"Boston-Cambridge-Newton, MA-NH",165804,43064,43521,25006,"14807.00000","25150.00000",0.25973,0.26248,0.15082,"0.08930","0.15169","Black"
14860,"Bridgeport-Stamford-Norwalk, CT",49900,10773,25455,6239,"8383.00000","6268.00000",0.21589,0.51012,0.12503,"0.16800","0.12561","Black"
15380,"Buffalo-Cheektowaga-Niagara Falls, NY",58878,22679,41291,9124,"4579.00000","15556.00000",0.38519,0.7013,0.15496,"0.07777","0.26421","Black"
15980,"Cape Coral-Fort Myers, FL",24868,9334,0,7426,"7304.00000","4716.00000",0.37534,0,0.29862,"0.29371","0.18964","Black"
16700,"Charleston-North Charleston, SC",89719,28499,0,15266,"19883.00000","12984.00000",0.31765,0,0.17015,"0.22161","0.14472","Black"
16740,"Charlotte-Concord-Gastonia, NC-SC",275460,82412,56636,40409,"56079.00000","44209.00000",0.29918,0.20561,0.1467,"0.20358","0.16049","Black"
16860,"Chattanooga, TN-GA",34653,11852,21645,6296,"6453.00000","6033.00000",0.34202,0.62462,0.18169,"0.18622","0.17410","Black"
16980,"Chicago-Naperville-Elgin, IL-IN-WI",759174,260257,424072,112109,"130274.00000","165088.00000",0.34282,0.5586,0.14767,"0.17160","0.21746","Black"
17140,"Cincinnati, OH-KY-IN",120716,46749,55062,18021,"17842.00000","26374.00000",0.38726,0.45613,0.14928,"0.14780","0.21848","Black"
17460,"Cleveland-Elyria, OH",184433,81665,97179,36900,"29890.00000","47780.00000",0.44279,0.52691,0.20007,"0.16206","0.25906","Black"
17820,"Colorado Springs, CO",16096,3664,4775,593,"1873.00000","1574.00000",0.22763,0.29666,0.03684,"0.11636","0.09779","Black"
17900,"Columbia, SC",123140,39267,0,16496,"22586.00000","20476.00000",0.31888,0,0.13396,"0.18342","0.16628","Black"
18140,"Columbus, OH",131891,44792,64836,20650,"25268.00000","20716.00000",0.33961,0.49159,0.15657,"0.19158","0.15707","Black"
19100,"Dallas-Fort Worth-Arlington, TX",530237,137203,151533,57236,"113014.00000","72994.00000",0.25876,0.28578,0.10794,"0.21314","0.13766","Black"
19380,"Dayton, OH",56193,24959,29649,8033,"8347.00000","13743.00000",0.44417,0.52763,0.14295,"0.14854","0.24457","Black"
19660,"Deltona-Daytona Beach-Ormond Beach, FL",27371,9639,11706,4482,"7206.00000","6709.00000",0.35216,0.42768,0.16375,"0.26327","0.24511","Black"
19740,"Denver-Aurora-Lakewood, CO",77726,20651,2136,10147,"12339.00000","9769.00000",0.26569,0.02748,0.13055,"0.15875","0.12569","Black"
19780,"Des Moines-West Des Moines, IA",11748,4136,0,1798,"1475.00000","1088.00000",0.35206,0,0.15305,"0.12555","0.09261","Black"
19820,"Detroit-Warren-Dearborn, MI",450886,174681,261294,83937,"71499.00000","113459.00000",0.38742,0.57951,0.18616,"0.15857","0.25164","Black"
21340,"El Paso, TX",9032,1941,6144,792,"1059.00000","1460.00000",0.2149,0.68025,0.08769,"0.11725","0.16165","Black"
23420,"Fresno, CA",19356,7680,13288,4331,"2410.00000","4914.00000",0.39678,0.68651,0.22375,"0.12451","0.25387","Black"
24340,"Grand Rapids-Wyoming, MI",29004,14323,17472,5941,"3786.00000","7668.00000",0.49383,0.6024,0.20483,"0.13053","0.26438","Black"
24660,"Greensboro-High Point, NC",97618,34848,26424,12063,"20589.00000","15454.00000",0.35698,0.27069,0.12357,"0.21091","0.15831","Black"
24860,"Greenville-Anderson-Mauldin, SC",73032,27474,0,13916,"14551.00000","12926.00000",0.37619,0,0.19055,"0.19924","0.17699","Black"
25420,"Harrisburg-Carlisle, PA",27058,12211,0,6202,"6459.00000","6239.00000",0.45129,0,0.22921,"0.23871","0.23058","Black"
25540,"Hartford-West Hartford-East Hartford, CT",62169,15021,20074,7035,"9276.00000","8135.00000",0.24162,0.32289,0.11316,"0.14921","0.13085","Black"
26420,"Houston-The Woodlands-Sugar Land, TX",540558,130168,177248,54907,"104137.00000","70555.00000",0.2408,0.3279,0.10157,"0.19265","0.13052","Black"
26900,"Indianapolis-Carmel-Anderson, IN",139560,44929,43287,23691,"28743.00000","25575.00000",0.32193,0.31017,0.16975,"0.20595","0.18325","Black"
27140,"Jackson, MS",143925,44655,41992,25092,"28921.00000","18203.00000",0.31027,0.29176,0.17434,"0.20094","0.12648","Black"
27260,"Jacksonville, FL",142656,46447,62989,19780,"27148.00000","25488.00000",0.32559,0.44154,0.13866,"0.19030","0.17867","Black"
28140,"Kansas City, MO-KS",121044,35949,44866,13972,"27832.00000","23224.00000",0.29699,0.37066,0.11543,"0.22993","0.19186","Black"
28940,"Knoxville, TN",22510,10057,15873,5070,"4653.00000","4455.00000",0.44678,0.70515,0.22523,"0.20671","0.19791","Black"
29460,"Lakeland-Winter Haven, FL",42662,14709,0,7436,"12243.00000","7344.00000",0.34478,0,0.1743,"0.28698","0.17214","Black"
29820,"Las Vegas-Henderson-Paradise, NV",106738,36505,35978,17901,"18363.00000","22815.00000",0.34201,0.33707,0.16771,"0.17204","0.21375","Black"
30780,"Little Rock-North Little Rock-Conway, AR",79890,25375,0,7383,"10855.00000","14545.00000",0.31762,0,0.09241,"0.13587","0.18206","Black"
31080,"Los Angeles-Long Beach-Anaheim, CA",419015,120811,196315,35859,"63286.00000","80233.00000",0.28832,0.46852,0.08558,"0.15104","0.19148","Black"
31140,"Louisville/Jefferson County, KY-IN",83494,30798,38310,13688,"12036.00000","19189.00000",0.36886,0.45884,0.16394,"0.14415","0.22982","Black"
31540,"Madison, WI",8916,3233,1269,NA,NA,"1241.00000",0.36261,0.14233,NA,NA,"0.13919","Black"
32580,"McAllen-Edinburg-Mission, TX",1647,NA,1647,NA,NA,NA,NA,1,NA,NA,NA,"Black"
32820,"Memphis, TN-MS-AR",268544,99503,182934,38483,"59296.00000","50291.00000",0.37053,0.68121,0.1433,"0.22081","0.18727","Black"
33100,"Miami-Fort Lauderdale-West Palm Beach, FL",573521,188738,307011,105443,"168015.00000","71234.00000",0.32909,0.53531,0.18385,"0.29295","0.12420","Black"
33340,"Milwaukee-Waukesha-West Allis, WI",115747,52337,67455,21755,"19788.00000","27297.00000",0.45217,0.58278,0.18795,"0.17096","0.23583","Black"
33460,"Minneapolis-St. Paul-Bloomington, MN-WI",131359,52809,25940,28515,"19676.00000","21943.00000",0.40202,0.19747,0.21708,"0.14979","0.16705","Black"
34980,"Nashville-Davidson--Murfreesboro--Franklin, TN",136345,42168,49573,18595,"22205.00000","20515.00000",0.30927,0.36359,0.13638,"0.16286","0.15046","Black"
35300,"New Haven-Milford, CT",51764,11315,29845,7635,"2775.00000","9464.00000",0.21859,0.57656,0.1475,"0.05361","0.18283","Black"
35380,"New Orleans-Metairie, LA",202977,71403,113660,35671,"47525.00000","42955.00000",0.35178,0.55996,0.17574,"0.23414","0.21162","Black"
35620,"New York-Newark-Jersey City, NY-NJ-PA",1584296,380240,666446,261870,"229254.00000","224846.00000",0.24001,0.42066,0.16529,"0.14470","0.14192","Black"
35840,"North Port-Sarasota-Bradenton, FL",21450,8839,0,4544,"6180.00000","4290.00000",0.41207,0,0.21184,"0.28811","0.20000","Black"
36260,"Ogden-Clearfield, UT",2290,NA,0,NA,NA,NA,NA,0,NA,NA,NA,"Black"
36420,"Oklahoma City, OK",62137,17859,10545,7301,"13642.00000","10239.00000",0.28741,0.16971,0.1175,"0.21955","0.16478","Black"
36540,"Omaha-Council Bluffs, NE-IA",30468,10489,19780,5955,"6326.00000","7101.00000",0.34426,0.64921,0.19545,"0.20763","0.23306","Black"
36740,"Orlando-Kissimmee-Sanford, FL",171912,54177,50125,30317,"42071.00000","21375.00000",0.31514,0.29157,0.17635,"0.24472","0.12434","Black"
37100,"Oxnard-Thousand Oaks-Ventura, CA",6727,1069,0,NA,NA,"868.00000",0.15891,0,NA,NA,"0.12903","Black"
37340,"Palm Bay-Melbourne-Titusville, FL",24275,9099,0,4130,"4996.00000","2404.00000",0.37483,0,0.17013,"0.20581","0.09903","Black"
37980,"Philadelphia-Camden-Wilmington, PA-NJ-DE-MD",581037,176554,270295,86336,"96064.00000","114821.00000",0.30386,0.46519,0.14859,"0.16533","0.19761","Black"
38060,"Phoenix-Mesa-Scottsdale, AZ",112208,35662,44146,11885,"17409.00000","17809.00000",0.31782,0.39343,0.10592,"0.15515","0.15871","Black"
38300,"Pittsburgh, PA",86456,36407,23605,13367,"14443.00000","24196.00000",0.4211,0.27303,0.15461,"0.16706","0.27986","Black"
38900,"Portland-Vancouver-Hillsboro, OR-WA",30798,11625,4515,5181,"3380.00000","6121.00000",0.37746,0.1466,0.16823,"0.10975","0.19875","Black"
39300,"Providence-Warwick, RI-MA",35183,7094,15458,5935,"4291.00000","3061.00000",0.20163,0.43936,0.16869,"0.12196","0.08700","Black"
39340,"Provo-Orem, UT",1732,NA,NA,NA,NA,NA,NA,NA,NA,NA,NA,"Black"
39580,"Raleigh, NC",137922,39344,46230,16623,"27160.00000","20526.00000",0.28526,0.33519,0.12052,"0.19692","0.14882","Black"
40060,"Richmond, VA",176755,46230,0,31593,"31154.00000","24547.00000",0.26155,0,0.17874,"0.17626","0.13888","Black"
40140,"Riverside-San Bernardino-Ontario, CA",141176,38058,38906,12144,"18570.00000","26562.00000",0.26958,0.27559,0.08602,"0.13154","0.18815","Black"
40380,"Rochester, NY",51258,20061,37287,13036,"4890.00000","13258.00000",0.39137,0.72744,0.25432,"0.09540","0.25865","Black"
40900,"Sacramento--Roseville--Arden-Arcade, CA",72627,26453,23413,8557,"8008.00000","16088.00000",0.36423,0.32237,0.11782,"0.11026","0.22152","Black"
41180,"St. Louis, MO-IL",236979,80587,93541,38375,"53378.00000","53762.00000",0.34006,0.39472,0.16193,"0.22524","0.22686","Black"
41620,"Salt Lake City, UT",8268,2768,0,1572,"1954.00000",NA,0.33478,0,0.19013,"0.23633",NA,"Black"
41700,"San Antonio-New Braunfels, TX",75414,18590,14924,9698,"12428.00000","11587.00000",0.24651,0.19789,0.1286,"0.16480","0.15365","Black"
41740,"San Diego-Carlsbad, CA",75948,16743,21954,6514,"9709.00000","11786.00000",0.22045,0.28907,0.08577,"0.12784","0.15519","Black"
41860,"San Francisco-Oakland-Hayward, CA",168255,50805,43722,20227,"17410.00000","35880.00000",0.30195,0.25986,0.12022,"0.10347","0.21325","Black"
41940,"San Jose-Sunnyvale-Santa Clara, CA",25245,6625,0,2560,"2515.00000","2901.00000",0.26243,0,0.10141,"0.09962","0.11491","Black"
42540,"Scranton--Wilkes-Barre--Hazleton, PA",6958,3546,0,1734,"1139.00000","1803.00000",0.50963,0,0.24921,"0.16370","0.25913","Black"
42660,"Seattle-Tacoma-Bellevue, WA",101506,29842,11079,15853,"9214.00000","15120.00000",0.29399,0.10915,0.15618,"0.09077","0.14896","Black"
44060,"Spokane-Spokane Valley, WA",2540,1780,944,NA,NA,"589.00000",0.70079,0.37165,NA,NA,"0.23189","Black"
44140,"Springfield, MA",17899,6016,13313,4485,"1230.00000","2307.00000",0.33611,0.74378,0.25057,"0.06872","0.12889","Black"
44700,"Stockton-Lodi, CA",20750,8935,7139,3734,"3467.00000","6436.00000",0.4306,0.34405,0.17995,"0.16708","0.31017","Black"
45060,"Syracuse, NY",22496,9931,18539,5706,"2390.00000","5585.00000",0.44146,0.8241,0.25365,"0.10624","0.24827","Black"
45300,"Tampa-St. Petersburg-Clearwater, FL",160675,53085,27389,26534,"30285.00000","27060.00000",0.33039,0.17046,0.16514,"0.18849","0.16841","Black"
45780,"Toledo, OH",39043,17616,23848,9132,"4602.00000","11773.00000",0.45119,0.61081,0.2339,"0.11787","0.30154","Black"
46060,"Tucson, AZ",13468,4665,2968,1007,"2055.00000","2344.00000",0.34638,0.22037,0.07477,"0.15258","0.17404","Black"
46140,"Tulsa, OK",33124,13245,11409,5532,"9063.00000","7477.00000",0.39986,0.34443,0.16701,"0.27361","0.22573","Black"
46520,"Urban Honolulu, HI",11067,746,0,NA,"N ","1875.00000",0.06741,0,NA,NA,"0.16942","Black"
47260,"Virginia Beach-Norfolk-Newport News, VA-NC",242519,63709,67618,37690,"48658.00000","38559.00000",0.2627,0.27882,0.15541,"0.20064","0.15899","Black"
47900,"Washington-Arlington-Alexandria, DC-VA-MD-WV",773675,128646,66948,69292,"87724.00000","76933.00000",0.16628,0.08653,0.08956,"0.11339","0.09944","Black"
48620,"Wichita, KS",22387,9749,5443,2717,"7748.00000","5051.00000",0.43548,0.24313,0.12137,"0.34609","0.22562","Black"
49180,"Winston-Salem, NC",54423,17614,16023,7411,"10599.00000","9164.00000",0.32365,0.29442,0.13617,"0.19475","0.16838","Black"
49340,"Worcester, MA-CT",17338,5012,11224,3980,"2085.00000","2457.00000",0.28908,0.64736,0.22955,"0.12026","0.14171","Black"
49660,"Youngstown-Warren-Boardman, OH-PA",25412,12383,7503,5374,"3470.00000","6495.00000",0.48729,0.29525,0.21147,"0.13655","0.25559","Black"
88888,"100 Metro Total",20669560,6610326,6408355,7168084,"6784971","1667936.00000",0.31981,0.31004,0.34679,"0.32826","0.08070","Hispanic"
10420,"Akron, OH",5426,1145,1366,922,"1114","N ",0.21102,0.25175,0.16992,"0.20531","N ","Hispanic"
10580,"Albany-Schenectady-Troy, NY",17861,6976,3950,3451,"1406","3484.00000",0.39057,0.22115,0.19321,"0.07872","0.19506","Hispanic"
10740,"Albuquerque, NM",195527,63857,114654,49622,"45363","29548.00000",0.32659,0.58638,0.25379,"0.232","0.15112","Hispanic"
10900,"Allentown-Bethlehem-Easton, PA-NJ",54959,20331,24592,15581,"14137","10175.00000",0.36993,0.44746,0.2835,"0.25723","0.18514","Hispanic"
12060,"Atlanta-Sandy Springs-Roswell, GA",279486,106090,20197,114408,"154922","12142.00000",0.37959,0.07226,0.40935,"0.55431","0.04344","Hispanic"
12260,"Augusta-Richmond County, GA-SC",12383,2890,3147,3232,"3989","1618.00000",0.23338,0.25414,0.261,"0.32214","0.13066","Hispanic"
12420,"Austin-Round Rock, TX",305265,95405,85584,99600,"101160","18925.00000",0.31253,0.28036,0.32627,"0.33138","0.06200","Hispanic"
12540,"Bakersfield, CA",190788,76256,127005,82561,"54413","21611.00000",0.39969,0.66569,0.43274,"0.2852","0.11327","Hispanic"
12580,"Baltimore-Columbia-Towson, MD",71613,13935,13852,20030,"21705","3259.00000",0.19459,0.19343,0.2797,"0.30309","0.04551","Hispanic"
12940,"Baton Rouge, LA",12477,4303,0,3537,"5506","514.00000",0.34487,0,0.28348,"0.44129","0.04120","Hispanic"
13820,"Birmingham-Hoover, AL",21129,13484,8123,9865,"13464","1630.00000",0.63818,0.38445,0.46689,"0.63723","0.07715","Hispanic"
14260,"Boise City, ID",38481,14441,0,16979,"18444","2393.00000",0.37528,0,0.44123,"0.4793","0.06219","Hispanic"
14460,"Boston-Cambridge-Newton, MA-NH",232018,81820,30916,71594,"24169","32105.00000",0.35265,0.13325,0.30857,"0.10417","0.13837","Hispanic"
14860,"Bridgeport-Stamford-Norwalk, CT",89629,24714,29136,27895,"32177","7558.00000",0.27574,0.32507,0.31123,"0.359","0.08433","Hispanic"
15380,"Buffalo-Cheektowaga-Niagara Falls, NY",21477,9905,11344,6570,"2955","4991.00000",0.46119,0.52819,0.30591,"0.13759","0.23239","Hispanic"
15980,"Cape Coral-Fort Myers, FL",62728,23440,0,23098,"27258","5050.00000",0.37368,0,0.36822,"0.43454","0.08051","Hispanic"
16700,"Charleston-North Charleston, SC",18003,9801,0,6998,"9515","1037.00000",0.54441,0,0.38871,"0.52852","0.05760","Hispanic"
16740,"Charlotte-Concord-Gastonia, NC-SC",107381,42251,10744,47313,"58274","4746.00000",0.39347,0.10005,0.44061,"0.54268","0.04420","Hispanic"
16860,"Chattanooga, TN-GA",9636,4173,4279,5100,"5102",NA,0.43306,0.44406,0.52927,"0.52947",NA,"Hispanic"
16980,"Chicago-Naperville-Elgin, IL-IN-WI",993552,279770,238909,364053,"318065","62360.00000",0.28159,0.24046,0.36642,"0.32013","0.06276","Hispanic"
17140,"Cincinnati, OH-KY-IN",28536,6699,4667,7610,"9623","1837.00000",0.23476,0.16355,0.26668,"0.33722","0.06437","Hispanic"
17460,"Cleveland-Elyria, OH",49264,19590,30855,13935,"6374","7280.00000",0.39765,0.62632,0.28286,"0.12938","0.14778","Hispanic"
17820,"Colorado Springs, CO",45247,15650,13425,12567,"11712","4793.00000",0.34588,0.2967,0.27774,"0.25885","0.10593","Hispanic"
17900,"Columbia, SC",19090,7685,0,9442,"10138","1341.00000",0.40257,0,0.4946,"0.53106","0.07025","Hispanic"
18140,"Columbus, OH",31648,10387,10681,9623,"13344","2708.00000",0.3282,0.33749,0.30406,"0.42164","0.08557","Hispanic"
19100,"Dallas-Fort Worth-Arlington, TX",909403,305700,253668,416827,"410983","45999.00000",0.33615,0.27894,0.45835,"0.45193","0.05058","Hispanic"
19380,"Dayton, OH",9741,3512,2270,1363,"2302",NA,0.36054,0.23304,0.13992,"0.23632",NA,"Hispanic"
19660,"Deltona-Daytona Beach-Ormond Beach, FL",32158,12792,2734,7406,"14715","4262.00000",0.39779,0.08502,0.2303,"0.45758","0.13253","Hispanic"
19740,"Denver-Aurora-Lakewood, CO",300249,83349,18894,114445,"93973","26801.00000",0.2776,0.06293,0.38117,"0.31298","0.08926","Hispanic"
19780,"Des Moines-West Des Moines, IA",17375,7316,0,6500,"5320","1526.00000",0.42106,0,0.3741,"0.30619","0.08783","Hispanic"
19820,"Detroit-Warren-Dearborn, MI",79609,20712,23209,23995,"20991","8724.00000",0.26017,0.29154,0.30141,"0.26368","0.10959","Hispanic"
21340,"El Paso, TX",302755,107599,192497,87361,"108511","40447.00000",0.3554,0.63582,0.28855,"0.35841","0.13360","Hispanic"
23420,"Fresno, CA",216521,102938,177569,92148,"59548","31051.00000",0.47542,0.8201,0.42558,"0.27502","0.14341","Hispanic"
24340,"Grand Rapids-Wyoming, MI",36377,13947,12007,16980,"9167","6072.00000",0.3834,0.33007,0.46678,"0.252","0.16692","Hispanic"
24660,"Greensboro-High Point, NC",27219,12470,3849,16100,"13628","1481.00000",0.45814,0.14141,0.5915,"0.50068","0.05441","Hispanic"
24860,"Greenville-Anderson-Mauldin, SC",28612,13990,0,13157,"15144","810.00000",0.48896,0,0.45984,"0.52929","0.02831","Hispanic"
25420,"Harrisburg-Carlisle, PA",14584,4092,0,4408,"4014","2928.00000",0.28058,0,0.30225,"0.27523","0.20077","Hispanic"
25540,"Hartford-West Hartford-East Hartford, CT",75577,26083,23330,24171,"9150","12212.00000",0.34512,0.30869,0.31982,"0.12107","0.16158","Hispanic"
26420,"Houston-The Woodlands-Sugar Land, TX",1122093,357581,302642,475469,"512495","57600.00000",0.31867,0.26971,0.42373,"0.45673","0.05133","Hispanic"
26900,"Indianapolis-Carmel-Anderson, IN",55576,23882,19948,22605,"25056","4317.00000",0.42972,0.35893,0.40674,"0.45084","0.07768","Hispanic"
27140,"Jackson, MS",5150,2437,648,1762,"2373",NA,0.4732,0.12583,0.34214,"0.46078",NA,"Hispanic"
27260,"Jacksonville, FL",54289,15586,8980,9910,"14320","4294.00000",0.28709,0.16541,0.18254,"0.26377","0.07910","Hispanic"
28140,"Kansas City, MO-KS",83399,29203,32273,33893,"36078","5256.00000",0.35016,0.38697,0.4064,"0.4326","0.06302","Hispanic"
28940,"Knoxville, TN",12929,7213,4473,6962,"6501","623.00000",0.55789,0.34597,0.53848,"0.50282","0.04819","Hispanic"
29460,"Lakeland-Winter Haven, FL",56512,21995,0,17702,"19480","7251.00000",0.38921,0,0.31324,"0.34471","0.12831","Hispanic"
29820,"Las Vegas-Henderson-Paradise, NV",298688,88867,126303,113084,"110974","18226.00000",0.29752,0.42286,0.3786,"0.37154","0.06102","Hispanic"
30780,"Little Rock-North Little Rock-Conway, AR",15455,6498,0,5907,"6844","966.00000",0.42045,0,0.38221,"0.44283","0.06250","Hispanic"
31080,"Los Angeles-Long Beach-Anaheim, CA",2910068,973179,1009906,1170478,"922459","179506.00000",0.33442,0.34704,0.40222,"0.31699","0.06168","Hispanic"
31140,"Louisville/Jefferson County, KY-IN",22607,6969,1530,7431,"8209","703.00000",0.30827,0.06768,0.3287,"0.36312","0.03110","Hispanic"
31540,"Madison, WI",14141,6214,3404,6248,"6059",NA,0.43943,0.24072,0.44184,"0.42847",NA,"Hispanic"
32580,"McAllen-Edinburg-Mission, TX",322885,138569,322885,126239,"164236","36412.00000",0.42916,1,0.39097,"0.50865","0.11277","Hispanic"
32820,"Memphis, TN-MS-AR",31026,16238,17657,16407,"18100","1924.00000",0.52337,0.5691,0.52881,"0.58338","0.06201","Hispanic"
33100,"Miami-Fort Lauderdale-West Palm Beach, FL",1350213,373944,556495,236606,"450913","101961.00000",0.27695,0.41215,0.17524,"0.33396","0.07551","Hispanic"
33340,"Milwaukee-Waukesha-West Allis, WI",71226,26136,32622,28786,"21724","9054.00000",0.36694,0.45801,0.40415,"0.305","0.12712","Hispanic"
33460,"Minneapolis-St. Paul-Bloomington, MN-WI",89784,28466,13655,28083,"36436","4637.00000",0.31705,0.15209,0.31278,"0.40582","0.05165","Hispanic"
34980,"Nashville-Davidson--Murfreesboro--Franklin, TN",62549,24509,8988,28453,"34826","3279.00000",0.39184,0.1437,0.45489,"0.55678","0.05242","Hispanic"
35300,"New Haven-Milford, CT",66133,21902,34543,16911,"16148","9049.00000",0.33118,0.52233,0.25571,"0.24417","0.13683","Hispanic"
35380,"New Orleans-Metairie, LA",54893,14979,14321,13377,"23681","3519.00000",0.27288,0.26089,0.24369,"0.4314","0.06411","Hispanic"
35620,"New York-Newark-Jersey City, NY-NJ-PA",2405946,755390,842395,750985,"686245","236453.00000",0.31397,0.35013,0.31214,"0.28523","0.09828","Hispanic"
35840,"North Port-Sarasota-Bradenton, FL",40254,13177,0,12520,"17995","3611.00000",0.32735,0,0.31102,"0.44704","0.08971","Hispanic"
36260,"Ogden-Clearfield, UT",31208,8145,0,9463,"13247","973.00000",0.26099,0,0.30322,"0.42447","0.03118","Hispanic"
36420,"Oklahoma City, OK",72267,28073,37627,34484,"36010","3351.00000",0.38846,0.52067,0.47717,"0.49829","0.04637","Hispanic"
36540,"Omaha-Council Bluffs, NE-IA",38772,14135,21178,20447,"16689","2650.00000",0.36457,0.54622,0.52737,"0.43044","0.06835","Hispanic"
36740,"Orlando-Kissimmee-Sanford, FL",318301,100023,59944,53325,"99121","35261.00000",0.31424,0.18832,0.16753,"0.31141","0.11078","Hispanic"
37100,"Oxnard-Thousand Oaks-Ventura, CA",169068,47968,0,65499,"45959","10441.00000",0.28372,0,0.38741,"0.27184","0.06176","Hispanic"
37340,"Palm Bay-Melbourne-Titusville, FL",22763,7888,0,2445,"6462","4025.00000",0.34653,0,0.10741,"0.28388","0.17682","Hispanic"
37980,"Philadelphia-Camden-Wilmington, PA-NJ-DE-MD",253002,89725,102067,90713,"80471","35643.00000",0.35464,0.40342,0.35855,"0.31806","0.14088","Hispanic"
38060,"Phoenix-Mesa-Scottsdale, AZ",592402,215252,257721,228206,"188693","57834.00000",0.36335,0.43504,0.38522,"0.31852","0.09763","Hispanic"
38300,"Pittsburgh, PA",15597,2981,3543,2415,"1653","2686.00000",0.19113,0.22716,0.15484,"0.10598","0.17221","Hispanic"
38900,"Portland-Vancouver-Hillsboro, OR-WA",124367,45240,9360,46156,"43388","6428.00000",0.36376,0.07526,0.37113,"0.34887","0.05169","Hispanic"
39300,"Providence-Warwick, RI-MA",84093,36894,47346,31888,"19053","15006.00000",0.43873,0.56302,0.3792,"0.22657","0.17845","Hispanic"
39340,"Provo-Orem, UT",24735,6652,6241,7184,"11865","646.00000",0.26893,0.25231,0.29044,"0.47968","0.02612","Hispanic"
39580,"Raleigh, NC",60529,24330,9413,25832,"31159","2360.00000",0.40196,0.15551,0.42677,"0.51478","0.03899","Hispanic"
40060,"Richmond, VA",32670,11911,0,13627,"15409","2381.00000",0.36459,0,0.41711,"0.47166","0.07288","Hispanic"
40140,"Riverside-San Bernardino-Ontario, CA",996693,308040,288251,365001,"278414","87131.00000",0.30906,0.28921,0.36621,"0.27934","0.08742","Hispanic"
40380,"Rochester, NY",31713,11765,15600,9991,"3084","6245.00000",0.37098,0.49191,0.31504,"0.09725","0.19692","Hispanic"
40900,"Sacramento--Roseville--Arden-Arcade, CA",214414,64092,82348,59823,"51846","21488.00000",0.29892,0.38406,0.27901,"0.2418","0.10022","Hispanic"
41180,"St. Louis, MO-IL",36636,8561,8301,7424,"9563","2113.00000",0.23368,0.22658,0.20264,"0.26103","0.05768","Hispanic"
41620,"Salt Lake City, UT",95253,30155,0,38908,"38828","4099.00000",0.31658,0,0.40847,"0.40763","0.04303","Hispanic"
41700,"San Antonio-New Braunfels, TX",584708,165239,255893,164047,"156749","54689.00000",0.2826,0.43764,0.28056,"0.26808","0.09353","Hispanic"
41740,"San Diego-Carlsbad, CA",502554,147171,74180,163778,"147973","41700.00000",0.29285,0.14761,0.32589,"0.29444","0.08298","Hispanic"
41860,"San Francisco-Oakland-Hayward, CA",504918,124203,58035,171032,"109290","23261.00000",0.24599,0.11494,0.33873,"0.21645","0.04607","Hispanic"
41940,"San Jose-Sunnyvale-Santa Clara, CA",244898,47080,0,83946,"42949","11232.00000",0.19224,0,0.34278,"0.17538","0.04586","Hispanic"
42540,"Scranton--Wilkes-Barre--Hazleton, PA",17252,7988,0,7382,"6782","2058.00000",0.46302,0,0.42789,"0.39311","0.11929","Hispanic"
42660,"Seattle-Tacoma-Bellevue, WA",162980,44434,9561,51809,"49386","10055.00000",0.27263,0.05866,0.31789,"0.30302","0.06169","Hispanic"
44060,"Spokane-Spokane Valley, WA",14829,5132,3064,3740,"3213","2494.00000",0.34608,0.20662,0.25221,"0.21667","0.16818","Hispanic"
44140,"Springfield, MA",51109,28561,28779,22362,"2987","16519.00000",0.55883,0.56309,0.43754,"0.05844","0.32321","Hispanic"
44700,"Stockton-Lodi, CA",127377,46866,39285,53101,"32259","13963.00000",0.36793,0.30842,0.41688,"0.25326","0.10962","Hispanic"
45060,"Syracuse, NY",9562,3696,4806,2684,"701","3412.00000",0.38653,0.50261,0.28069,"0.07331","0.35683","Hispanic"
45300,"Tampa-St. Petersburg-Clearwater, FL",249835,81723,19320,57221,"82238","24305.00000",0.32711,0.07733,0.22904,"0.32917","0.09728","Hispanic"
45780,"Toledo, OH",15495,5700,6096,3329,"2700","2156.00000",0.36786,0.39342,0.21484,"0.17425","0.13914","Hispanic"
46060,"Tucson, AZ",156175,51551,51470,43170,"41801","12922.00000",0.33008,0.32957,0.27642,"0.26765","0.08274","Hispanic"
46140,"Tulsa, OK",37028,11785,7063,18107,"15670","1903.00000",0.31827,0.19075,0.48901,"0.42319","0.05139","Hispanic"
46520,"Urban Honolulu, HI",37576,6031,0,3249,"2914","4251.00000",0.1605,0,0.08646,"0.07755","0.11313","Hispanic"
47260,"Virginia Beach-Norfolk-Newport News, VA-NC",46632,12983,8975,9543,"14836","5678.00000",0.27841,0.19246,0.20464,"0.31815","0.12176","Hispanic"
47900,"Washington-Arlington-Alexandria, DC-VA-MD-WV",473476,91525,2020,174740,"178769","11388.00000",0.1933,0.00427,0.36906,"0.37757","0.02405","Hispanic"
48620,"Wichita, KS",31962,9857,11340,11772,"10934","3134.00000",0.3084,0.3548,0.36831,"0.34209","0.09805","Hispanic"
49180,"Winston-Salem, NC",27389,15392,9493,15962,"15695","1275.00000",0.56198,0.3466,0.58279,"0.57304","0.04655","Hispanic"
49340,"Worcester, MA-CT",43567,17459,18190,13043,"2355","6477.00000",0.40074,0.41752,0.29938,"0.05405","0.14867","Hispanic"
49660,"Youngstown-Warren-Boardman, OH-PA",6155,1688,724,971,"929","452.00000",0.27425,0.11763,0.15776,"0.15093","0.07344","Hispanic"
